Workbook
Name NativeTimeline_ApplicationDate: #N/A
Name Slicer_Branch: #N/A
Name Slicer_Channel: #N/A
Name Slicer_Product: #N/A
Name Slicer_Segment: #N/A

Sheet Dashboard

Sheet Answer
A1: Question | B1: Answer
A2: D1 | B2: Jahra approval rate: Jan–May = 72.8% vs Jun–Sep = 43.1% → a drop of ~29.7 percentage points.
B3: Before June, Jahra was above the bank average (71.8%); from June it fell far below it.
B4: The drop is clear across all channels (Mobile App and Branch fell the most), approved deals fell from 59 to 31, and the average decision time rose from 8.0 to 10.9 days.
B5: Possible cause: a change at the branch from June (new credit officer/policy, stricter approval rules, or staff shortage) — needs to be investigated with the branch manager.
A6: D2 | B6: For Personal Tawarruq, Mobile App has the lowest approval rate: 66.1% (vs Branch 79.2% and Online 75.4%; product average 75.3%).
B7: That is ~13 points below Branch — Mobile App applications for this product are rejected much more often.
B8: Possible cause: weaker document/eligibility checks in the app (incomplete salary info, applicants not meeting criteria) before submission.
A9: D3 | B9: Total approved amount for Premium segment in Q3 (Jul–Sep): 1,578,800 KWD from 32 approved deals.
B10: This is ~32% of Premium's total approved amount for Jan–Sep (4,947,600 KWD).
B11: Premium has a high average deal size (49,338 KWD vs bank average 39,047 KWD), but approvals dropped sharply in September compared to July and August.
A12: D4 | B12: Auto Murabaha had its highest approved amount in August: 581,300 KWD (July was almost the same at 578,000 KWD), compared with roughly 200,000–450,000 KWD in other months.
B13: Possible reasons: summer is peak car-buying season in Kuwait — new model-year cars are launched mid-year, dealers run summer offers, and families buy cars before the new school year (September).
B14: Action: prepare more Auto Murabaha capacity and joint dealer promotions for Jul–Aug.
A15: D5 | B15: Home Ijara takes 20.2 days on average to reach a decision, vs 5.7 days for the other three products — about 3.5x longer (+14.5 days).
B16: Home Ijara also has a lower approval rate (63.6% vs 73.0%) and much bigger deals (avg ~156K KWD vs ~25K KWD).
B17: Reason: home financing needs property valuation, title/ownership documents and higher approval authority, so it naturally takes longer — but 20 days is a risk of losing customers to faster banks.
A18: D6 | B18: Recommendation 1 – Jahra branch
B19: Observation: Jahra's approval rate dropped sharply from June.
B20: Number: 72.8% (Jan–May) → 43.1% (Jun–Sep), a drop of ~30 points; approved deals fell from 59 to 31 and decision time rose from 8.0 to 10.9 days.
B21: Action: Review what changed at Jahra in June (staff, credit officer, local policy) with the branch manager, audit a sample of rejected applications, and track Jahra's approval rate weekly on this dashboard.
B23: Recommendation 2 – Mobile App channel
B24: Observation: Mobile App has the lowest approval rate of all channels.
B25: Number: 64.5% vs Branch 75.0% and Online 73.1%; for Personal Tawarruq it is 66.1% vs 79.2% at Branch.
B26: Action: Add eligibility checks inside the app before submission (minimum salary, required documents, debt ratio) and show customers a pre-approval estimate, to reduce rejected applications and wasted processing time.
B28: Recommendation 3 – Home Ijara decision time
B29: Observation: Home Ijara decisions are much slower than other products.
B30: Number: 20.2 days on average vs 5.7 days for the other products (~3.5x longer), with the largest deal size (~156K KWD).
B31: Action: Set a target of ≤ 10 days by creating a dedicated Home Ijara team, pre-approved property valuers, and a document checklist collected at application, so high-value customers are not lost to faster banks.

Sheet calc
A1: Status | B1: Deals | C1: Average Days | D1: Approved Amount | F1: Product | G1: Approved Amount | M1: KPI | N1: Value
A2: Approved | B2: 890 | C2: 6.7 | D2: 34751400 | F2: Home Ijara | G2: 15307100 | M2: Total Approved Amount | N2: =IFERROR(GETPIVOTDATA("Approved Amount",$A$1),0) -> 34751400
A3: Pending | B3: 54 | C3: #DIV/0! | D3: 0 | F3: SME Murabaha | G3: 10631400 | M3: Approved Deals | N3: =IFERROR(GETPIVOTDATA("Deals",$A$1,"Status","Approved"),0) -> 890
A4: Rejected | B4: 349 | C4: 9.4899713 | D4: 0 | F4: Personal Tawarruq | G4: 5322100 | M4: Approval Rate | N4: =IFERROR(GETPIVOTDATA("Approval %",$G$8,"Status","Approved"),0) -> 0.71832123
A5: Grand Total | B5: 1293 | C5: 7.4858757 | D5: 34751400 | F5: Auto Murabaha | G5: 3490800 | M5: Avg Approved Deal Size | N5: =IFERROR(N2/N3,0) -> 39046.517
F6: Grand Total | G6: 34751400 | M6: Avg Days to Decision | N6: =IFERROR(GETPIVOTDATA("Average Days",$A$1),0) -> 7.4858757
A7: Segment | B7: Approved Amount | D7: Months (ApplicationDate) | E7: Approved Amount
A8: Affluent | B8: 12355000 | D8: Jan | E8: 3763400 | G8: Approval % | H8: Status
A9: Mass | B9: 17448800 | D9: Feb | E9: 2617900 | G9: Channel | H9: Approved | I9: Rejected | J9: Grand Total
A10: Premium | B10: 4947600 | D10: Mar | E10: 5313100 | G10: Branch | H10: 0.74965229 | I10: 0.25034771 | J10: 1
A11: Grand Total | B11: 34751400 | D11: Apr | E11: 4301000 | G11: Mobile App | H11: 0.64497041 | I11: 0.35502959 | J11: 1
D12: May | E12: 3871700 | G12: Online | H12: 0.73076923 | I12: 0.26923077 | J12: 1
D13: Jun | E13: 3770000 | G13: Grand Total | H13: 0.71832123 | I13: 0.28167877 | J13: 1
D14: Jul | E14: 3863500
D15: Aug | E15: 4535100
D16: Sep | E16: 2715700
D17: Grand Total | E17: 34751400

Sheet Deals
A1: DealID | B1: ApplicationDate | C1: CustomerID | D1: Branch | E1: Product | F1: Channel | G1: Amount | H1: ProfitRate | I1: TenorMonths | J1: Officer | K1: Status | L1: DecisionDate | M1: Segment | N1: Nationality | O1: Age | P1: AgeGroup | Q1: DaysToDecision | R1: IsApproved | S1: ApprovedAmount | T1: ExpectedAnnualProfit
A2: FN-00005 | B2: 46023 | C2: C0473 | D2: Kuwait City | E2: Personal Tawarruq | F2: Branch | G2: 25000 | H2: 0.0583 | I2: 12 | J2: OFF-KUW-1 | K2: Approved | L2: 46030 | M2: =_xlfn.XLOOKUP(Deals[[#This Row],[CustomerID]],Customers!A:A,Customers!F:F) -> Affluent | N2: =_xlfn.XLOOKUP(Deals[[#This Row],[CustomerID]],Customers!A:A,Customers!E:E) -> Kuwaiti | O2: =2026-_xlfn.XLOOKUP(Deals[[#This Row],[CustomerID]],Customers!A:A,Customers!D:D) -> 53 | P2: {=_xlfn.IFS(Deals[[#This Row],[Age]]<30,"Under 30",Deals[[#This Row],[Age]]<45,"30-44",TRUE,"45+")} -> 45+ | Q2: =IF(Deals[[#This Row],[Status]]="Pending","",Deals[[#This Row],[DecisionDate]]-Deals[[#This Row],[ApplicationDate]]) -> 7 | R2: =IF(Deals[[#This Row],[Status]]="Approved",1,0) -> 1 | S2: =IF(Deals[[#This Row],[IsApproved]]=1,Deals[[#This Row],[Amount]],0) -> 25000 | T2: =Deals[[#This Row],[ApprovedAmount]]*Deals[[#This Row],[ProfitRate]] -> 1457.5
A3: FN-00013 | B3: 46023 | C3: C0939 | D3: Hawally | E3: Home Ijara | F3: Branch | G3: 122900 | H3: 0.0375 | I3: 120 | J3: OFF-HAW-3 | K3: Approved | L3: 46036 | M3: =_xlfn.XLOOKUP(Deals[[#This Row],[CustomerID]],Customers!A:A,Customers!F:F) -> Mass | N3: =_xlfn.XLOOKUP(Deals[[#This Row],[CustomerID]],Customers!A:A,Customers!E:E) -> Kuwaiti | O3: =2026-_xlfn.XLOOKUP(Deals[[#This Row],[CustomerID]],Customers!A:A,Customers!D:D) -> 23 | P3: {=_xlfn.IFS(Deals[[#This Row],[Age]]<30,"Under 30",Deals[[#This Row],[Age]]<45,"30-44",TRUE,"45+")} -> Under 30 | Q3: =IF(Deals[[#This Row],[Status]]="Pending","",Deals[[#This Row],[DecisionDate]]-Deals[[#This Row],[ApplicationDate]]) -> 13 | R3: =IF(Deals[[#This Row],[Status]]="Approved",1,0) -> 1 | S3: =IF(Deals[[#This Row],[IsApproved]]=1,Deals[[#This Row],[Amount]],0) -> 122900 | T3: =Deals[[#This Row],[ApprovedAmount]]*Deals[[#This Row],[ProfitRate]] -> 4608.75
A4: FN-00017 | B4: 46023 | C4: C0035 | D4: Salmiya | E4: Personal Tawarruq | F4: Branch | G4: 23200 | H4: 0.0682 | I4: 12 | J4: OFF-SAL-1 | K4: Approved | L4: 46030 | M4: =_xlfn.XLOOKUP(Deals[[#This Row],[CustomerID]],Customers!A:A,Customers!F:F) -> Affluent | N4: =_xlfn.XLOOKUP(Deals[[#This Row],[CustomerID]],Customers!A:A,Customers!E:E) -> Kuwaiti | O4: =2026-_xlfn.XLOOKUP(Deals[[#This Row],[CustomerID]],Customers!A:A,Customers!D:D) -> 25 | P4: {=_xlfn.IFS(Deals[[#This Row],[Age]]<30,"Under 30",Deals[[#This Row],[Age]]<45,"30-44",TRUE,"45+")} -> Under 30 | Q4: =IF(Deals[[#This Row],[Status]]="Pending","",Deals[[#This Row],[DecisionDate]]-Deals[[#This Row],[ApplicationDate]]) -> 7 | R4: =IF(Deals[[#This Row],[Status]]="Approved",1,0) -> 1 | S4: =IF(Deals[[#This Row],[IsApproved]]=1,Deals[[#This Row],[Amount]],0) -> 23200 | T4: =Deals[[#This Row],[ApprovedAmount]]*Deals[[#This Row],[ProfitRate]] -> 1582.24 | W4: Duplicates removed | 24
A5: FN-00019 | B5: 46023 | C5: C0228 | D5: Farwaniya | E5: Auto Murabaha | F5: Mobile App | G5: 11600 | H5: 0.0441 | I5: 48 | J5: OFF-FAR-2 | K5: Approved | L5: 46025 | M5: =_xlfn.XLOOKUP(Deals[[#This Row],[CustomerID]],Customers!A:A,Customers!F:F) -> Affluent | N5: =_xlfn.XLOOKUP(Deals[[#This Row],[CustomerID]],Customers!A:A,Customers!E:E) -> Kuwaiti | O5: =2026-_xlfn.XLOOKUP(Deals[[#This Row],[CustomerID]],Customers!A:A,Customers!D:D) -> 41 | P5: {=_xlfn.IFS(Deals[[#This Row],[Age]]<30,"Under 30",Deals[[#This Row],[Age]]<45,"30-44",TRUE,"45+")} -> 30-44 | Q5: =IF(Deals[[#This Row],[Status]]="Pending","",Deals[[#This Row],[DecisionDate]]-Deals[[#This Row],[ApplicationDate]]) -> 2 | R5: =IF(Deals[[#This Row],[Status]]="Approved",1,0) -> 1 | S5: =IF(Deals[[#This Row],[IsApproved]]=1,Deals[[#This Row],[Amount]],0) -> 11600 | T5: =Deals[[#This Row],[ApprovedAmount]]*Deals[[#This Row],[ProfitRate]] -> 511.56 | W5: Rejected Data|12
A6: FN-00048 | B6: 46023 | C6: C0904 | D6: Salmiya | E6: Personal Tawarruq | F6: Mobile App | G6: 24300 | H6: 0.0625 | I6: 60 | J6: OFF-SAL-1 | K6: Approved | L6: 46028 | M6: =_xlfn.XLOOKUP(Deals[[#This Row],[CustomerID]],Customers!A:A,Customers!F:F) -> Mass | N6: =_xlfn.XLOOKUP(Deals[[#This Row],[CustomerID]],Customers!A:A,Customers!E:E) -> Kuwaiti | O6: =2026-_xlfn.XLOOKUP(Deals[[#This Row],[CustomerID]],Customers!A:A,Customers!D:D) -> 25 | P6: {=_xlfn.IFS(Deals[[#This Row],[Age]]<30,"Under 30",Deals[[#This Row],[Age]]<45,"30-44",TRUE,"45+")} -> Under 30 | Q6: =IF(Deals[[#This Row],[Status]]="Pending","",Deals[[#This Row],[DecisionDate]]-Deals[[#This Row],[ApplicationDate]]) -> 5 | R6: =IF(Deals[[#This Row],[Status]]="Approved",1,0) -> 1 | S6: =IF(Deals[[#This Row],[IsApproved]]=1,Deals[[#This Row],[Amount]],0) -> 24300 | T6: =Deals[[#This Row],[ApprovedAmount]]*Deals[[#This Row],[ProfitRate]] -> 1518.75
A7: FN-00077 | B7: 46023 | C7: C0890 | D7: Hawally | E7: Personal Tawarruq | F7: Branch | G7: 10600 | H7: 0.06 | I7: 36 | J7: OFF-HAW-1 | K7: Approved | L7: 46025 | M7: =_xlfn.XLOOKUP(Deals[[#This Row],[CustomerID]],Customers!A:A,Customers!F:F) -> Mass | N7: =_xlfn.XLOOKUP(Deals[[#This Row],[CustomerID]],Customers!A:A,Customers!E:E) -> Kuwaiti | O7: =2026-_xlfn.XLOOKUP(Deals[[#This Row],[CustomerID]],Customers!A:A,Customers!D:D) -> 31 | P7: {=_xlfn.IFS(Deals[[#This Row],[Age]]<30,"Under 30",Deals[[#This Row],[Age]]<45,"30-44",TRUE,"45+")} -> 30-44 | Q7: =IF(Deals[[#This Row],[Status]]="Pending","",Deals[[#This Row],[DecisionDate]]-Deals[[#This Row],[ApplicationDate]]) -> 2 | R7: =IF(Deals[[#This Row],[Status]]="Approved",1,0) -> 1 | S7: =IF(Deals[[#This Row],[IsApproved]]=1,Deals[[#This Row],[Amount]],0) -> 10600 | T7: =Deals[[#This Row],[ApprovedAmount]]*Deals[[#This Row],[ProfitRate]] -> 636
A8: FN-00012 | B8: 46024 | C8: C0294 | D8: Kuwait City | E8: Personal Tawarruq | F8: Branch | G8: 20300 | H8: 0.0638 | I8: 12 | J8: OFF-KUW-2 | K8: Approved | L8: 46025 | M8: =_xlfn.XLOOKUP(Deals[[#This Row],[CustomerID]],Customers!A:A,Customers!F:F) -> Mass | N8: =_xlfn.XLOOKUP(Deals[[#This Row],[CustomerID]],Customers!A:A,Customers!E:E) -> Kuwaiti | O8: =2026-_xlfn.XLOOKUP(Deals[[#This Row],[CustomerID]],Customers!A:A,Customers!D:D) -> 26 | P8: {=_xlfn.IFS(Deals[[#This Row],[Age]]<30,"Under 30",Deals[[#This Row],[Age]]<45,"30-44",TRUE,"45+")} -> Under 30 | Q8: =IF(Deals[[#This Row],[Status]]="Pending","",Deals[[#This Row],[DecisionDate]]-Deals[[#This Row],[ApplicationDate]]) -> 1 | R8: =IF(Deals[[#This Row],[Status]]="Approved",1,0) -> 1 | S8: =IF(Deals[[#This Row],[IsApproved]]=1,Deals[[#This Row],[Amount]],0) -> 20300 | T8: =Deals[[#This Row],[ApprovedAmount]]*Deals[[#This Row],[ProfitRate]] -> 1295.14
A9: FN-00021 | B9: 46024 | C9: C0103 | D9: Hawally | E9: SME Murabaha | F9: Branch | G9: 55100 | H9: 0.076 | I9: 84 | J9: OFF-HAW-2 | K9: Rejected | L9: 46041 | M9: =_xlfn.XLOOKUP(Deals[[#This Row],[CustomerID]],Customers!A:A,Customers!F:F) -> Affluent | N9: =_xlfn.XLOOKUP(Deals[[#This Row],[CustomerID]],Customers!A:A,Customers!E:E) -> Kuwaiti | O9: =2026-_xlfn.XLOOKUP(Deals[[#This Row],[CustomerID]],Customers!A:A,Customers!D:D) -> 50 | P9: {=_xlfn.IFS(Deals[[#This Row],[Age]]<30,"Under 30",Deals[[#This Row],[Age]]<45,"30-44",TRUE,"45+")} -> 45+ | Q9: =IF(Deals[[#This Row],[Status]]="Pending","",Deals[[#This Row],[DecisionDate]]-Deals[[#This Row],[ApplicationDate]]) -> 17 | R9: =IF(Deals[[#This Row],[Status]]="Approved",1,0) -> 0 | S9: =IF(Deals[[#This Row],[IsApproved]]=1,Deals[[#This Row],[Amount]],0) -> 0 | T9: =Deals[[#This Row],[ApprovedAmount]]*Deals[[#This Row],[ProfitRate]] -> 0
A10: FN-00080 | B10: 46024 | C10: C0911 | D10: Kuwait City | E10: Personal Tawarruq | F10: Branch | G10: 2000 | H10: 0.0552 | I10: 24 | J10: OFF-KUW-3 | K10: Approved | L10: 46031 | M10: =_xlfn.XLOOKUP(Deals[[#This Row],[CustomerID]],Customers!A:A,Customers!F:F) -> Mass | N10: =_xlfn.XLOOKUP(Deals[[#This Row],[CustomerID]],Customers!A:A,Customers!E:E) -> Kuwaiti | O10: =2026-_xlfn.XLOOKUP(Deals[[#This Row],[CustomerID]],Customers!A:A,Customers!D:D) -> 50 | P10: {=_xlfn.IFS(Deals[[#This Row],[Age]]<30,"Under 30",Deals[[#This Row],[Age]]<45,"30-44",TRUE,"45+")} -> 45+ | Q10: =IF(Deals[[#This Row],[Status]]="Pending","",Deals[[#This Row],[DecisionDate]]-Deals[[#This Row],[ApplicationDate]]) -> 7 | R10: =IF(Deals[[#This Row],[Status]]="Approved",1,0) -> 1 | S10: =IF(Deals[[#This Row],[IsApproved]]=1,Deals[[#This Row],[Amount]],0) -> 2000 | T10: =Deals[[#This Row],[ApprovedAmount]]*Deals[[#This Row],[ProfitRate]] -> 110.4
A11: FN-00094 | B11: 46024 | C11: C0641 | D11: Hawally | E11: Auto Murabaha | F11: Mobile App | G11: 10600 | H11: 0.0472 | I11: 36 | J11: OFF-HAW-1 | K11: Approved | L11: 46028 | M11: =_xlfn.XLOOKUP(Deals[[#This Row],[CustomerID]],Customers!A:A,Customers!F:F) -> Affluent | N11: =_xlfn.XLOOKUP(Deals[[#This Row],[CustomerID]],Customers!A:A,Customers!E:E) -> Kuwaiti | O11: =2026-_xlfn.XLOOKUP(Deals[[#This Row],[CustomerID]],Customers!A:A,Customers!D:D) -> 45 | P11: {=_xlfn.IFS(Deals[[#This Row],[Age]]<30,"Under 30",Deals[[#This Row],[Age]]<45,"30-44",TRUE,"45+")} -> 45+ | Q11: =IF(Deals[[#This Row],[Status]]="Pending","",Deals[[#This Row],[DecisionDate]]-Deals[[#This Row],[ApplicationDate]]) -> 4 | R11: =IF(Deals[[#This Row],[Status]]="Approved",1,0) -> 1 | S11: =IF(Deals[[#This Row],[IsApproved]]=1,Deals[[#This Row],[Amount]],0) -> 10600 | T11: =Deals[[#This Row],[ApprovedAmount]]*Deals[[#This Row],[ProfitRate]] -> 500.32
A12: FN-00032 | B12: 46025 | C12: C0405 | D12: Ahmadi | E12: Auto Murabaha | F12: Online | G12: 9600 | H12: 0.042 | I12: 36 | J12: OFF-AHM-1 | K12: Approved | L12: 46029 | M12: =_xlfn.XLOOKUP(Deals[[#This Row],[CustomerID]],Customers!A:A,Customers!F:F) -> Premium | N12: =_xlfn.XLOOKUP(Deals[[#This Row],[CustomerID]],Customers!A:A,Customers!E:E) -> Kuwaiti | O12: =2026-_xlfn.XLOOKUP(Deals[[#This Row],[CustomerID]],Customers!A:A,Customers!D:D) -> 23 | P12: {=_xlfn.IFS(Deals[[#This Row],[Age]]<30,"Under 30",Deals[[#This Row],[Age]]<45,"30-44",TRUE,"45+")} -> Under 30 | Q12: =IF(Deals[[#This Row],[Status]]="Pending","",Deals[[#This Row],[DecisionDate]]-Deals[[#This Row],[ApplicationDate]]) -> 4 | R12: =IF(Deals[[#This Row],[Status]]="Approved",1,0) -> 1 | S12: =IF(Deals[[#This Row],[IsApproved]]=1,Deals[[#This Row],[Amount]],0) -> 9600 | T12: =Deals[[#This Row],[ApprovedAmount]]*Deals[[#This Row],[ProfitRate]] -> 403.2
A13: FN-00063 | B13: 46025 | C13: C0884 | D13: Hawally | E13: Personal Tawarruq | F13: Branch | G13: 12700 | H13: 0.0546 | I13: 24 | J13: OFF-HAW-3 | K13: Approved | L13: 46031 | M13: =_xlfn.XLOOKUP(Deals[[#This Row],[CustomerID]],Customers!A:A,Customers!F:F) -> Affluent | N13: =_xlfn.XLOOKUP(Deals[[#This Row],[CustomerID]],Customers!A:A,Customers!E:E) -> Kuwaiti | O13: =2026-_xlfn.XLOOKUP(Deals[[#This Row],[CustomerID]],Customers!A:A,Customers!D:D) -> 64 | P13: {=_xlfn.IFS(Deals[[#This Row],[Age]]<30,"Under 30",Deals[[#This Row],[Age]]<45,"30-44",TRUE,"45+")} -> 45+ | Q13: =IF(Deals[[#This Row],[Status]]="Pending","",Deals[[#This Row],[DecisionDate]]-Deals[[#This Row],[ApplicationDate]]) -> 6 | R13: =IF(Deals[[#This Row],[Status]]="Approved",1,0) -> 1 | S13: =IF(Deals[[#This Row],[IsApproved]]=1,Deals[[#This Row],[Amount]],0) -> 12700 | T13: =Deals[[#This Row],[ApprovedAmount]]*Deals[[#This Row],[ProfitRate]] -> 693.42
A14: FN-00107 | B14: 46025 | C14: C0332 | D14: Farwaniya | E14: Personal Tawarruq | F14: Branch | G14: 12300 | H14: 0.0618 | I14: 60 | J14: OFF-FAR-1 | K14: Approved | L14: 46027 | M14: =_xlfn.XLOOKUP(Deals[[#This Row],[CustomerID]],Customers!A:A,Customers!F:F) -> Mass | N14: =_xlfn.XLOOKUP(Deals[[#This Row],[CustomerID]],Customers!A:A,Customers!E:E) -> Non-Kuwaiti | O14: =2026-_xlfn.XLOOKUP(Deals[[#This Row],[CustomerID]],Customers!A:A,Customers!D:D) -> 43 | P14: {=_xlfn.IFS(Deals[[#This Row],[Age]]<30,"Under 30",Deals[[#This Row],[Age]]<45,"30-44",TRUE,"45+")} -> 30-44 | Q14: =IF(Deals[[#This Row],[Status]]="Pending","",Deals[[#This Row],[DecisionDate]]-Deals[[#This Row],[ApplicationDate]]) -> 2 | R14: =IF(Deals[[#This Row],[Status]]="Approved",1,0) -> 1 | S14: =IF(Deals[[#This Row],[IsApproved]]=1,Deals[[#This Row],[Amount]],0) -> 12300 | T14: =Deals[[#This Row],[ApprovedAmount]]*Deals[[#This Row],[ProfitRate]] -> 760.14
A15: FN-00043 | B15: 46026 | C15: C0874 | D15: Hawally | E15: SME Murabaha | F15: Mobile App | G15: 110700 | H15: 0.0792 | I15: 84 | J15: OFF-HAW-3 | K15: Rejected | L15: 46041 | M15: =_xlfn.XLOOKUP(Deals[[#This Row],[CustomerID]],Customers!A:A,Customers!F:F) -> Mass | N15: =_xlfn.XLOOKUP(Deals[[#This Row],[CustomerID]],Customers!A:A,Customers!E:E) -> Kuwaiti | O15: =2026-_xlfn.XLOOKUP(Deals[[#This Row],[CustomerID]],Customers!A:A,Customers!D:D) -> 35 | P15: {=_xlfn.IFS(Deals[[#This Row],[Age]]<30,"Under 30",Deals[[#This Row],[Age]]<45,"30-44",TRUE,"45+")} -> 30-44 | Q15: =IF(Deals[[#This Row],[Status]]="Pending","",Deals[[#This Row],[DecisionDate]]-Deals[[#This Row],[ApplicationDate]]) -> 15 | R15: =IF(Deals[[#This Row],[Status]]="Approved",1,0) -> 0 | S15: =IF(Deals[[#This Row],[IsApproved]]=1,Deals[[#This Row],[Amount]],0) -> 0 | T15: =Deals[[#This Row],[ApprovedAmount]]*Deals[[#This Row],[ProfitRate]] -> 0
A16: FN-00047 | B16: 46026 | C16: C0780 | D16: Salmiya | E16: Auto Murabaha | F16: Branch | G16: 7400 | H16: 0.0385 | I16: 60 | J16: OFF-SAL-3 | K16: Rejected | L16: 46030 | M16: =_xlfn.XLOOKUP(Deals[[#This Row],[CustomerID]],Customers!A:A,Customers!F:F) -> Mass | N16: =_xlfn.XLOOKUP(Deals[[#This Row],[CustomerID]],Customers!A:A,Customers!E:E) -> Non-Kuwaiti | O16: =2026-_xlfn.XLOOKUP(Deals[[#This Row],[CustomerID]],Customers!A:A,Customers!D:D) -> 25 | P16: {=_xlfn.IFS(Deals[[#This Row],[Age]]<30,"Under 30",Deals[[#This Row],[Age]]<45,"30-44",TRUE,"45+")} -> Under 30 | Q16: =IF(Deals[[#This Row],[Status]]="Pending","",Deals[[#This Row],[DecisionDate]]-Deals[[#This Row],[ApplicationDate]]) -> 4 | R16: =IF(Deals[[#This Row],[Status]]="Approved",1,0) -> 0 | S16: =IF(Deals[[#This Row],[IsApproved]]=1,Deals[[#This Row],[Amount]],0) -> 0 | T16: =Deals[[#This Row],[ApprovedAmount]]*Deals[[#This Row],[ProfitRate]] -> 0
A17: FN-00086 | B17: 46026 | C17: C0438 | D17: Hawally | E17: Personal Tawarruq | F17: Branch | G17: 12300 | H17: 0.0561 | I17: 12 | J17: OFF-HAW-2 | K17: Approved | L17: 46033 | M17: =_xlfn.XLOOKUP(Deals[[#This Row],[CustomerID]],Customers!A:A,Customers!F:F) -> Mass | N17: =_xlfn.XLOOKUP(Deals[[#This Row],[CustomerID]],Customers!A:A,Customers!E:E) -> Non-Kuwaiti | O17: =2026-_xlfn.XLOOKUP(Deals[[#This Row],[CustomerID]],Customers!A:A,Customers!D:D) -> 33 | P17: {=_xlfn.IFS(Deals[[#This Row],[Age]]<30,"Under 30",Deals[[#This Row],[Age]]<45,"30-44",TRUE,"45+")} -> 30-44 | Q17: =IF(Deals[[#This Row],[Status]]="Pending","",Deals[[#This Row],[DecisionDate]]-Deals[[#This Row],[ApplicationDate]]) -> 7 | R17: =IF(Deals[[#This Row],[Status]]="Approved",1,0) -> 1 | S17: =IF(Deals[[#This Row],[IsApproved]]=1,Deals[[#This Row],[Amount]],0) -> 12300 | T17: =Deals[[#This Row],[ApprovedAmount]]*Deals[[#This Row],[ProfitRate]] -> 690.03
... A1148: FN-01167 | B1148: 46266 | C1148: C0571 | D1148: Hawally | E1148: Home Ijara | F1148: Online | G1148: 50000 | H1148: 0.043 | I1148: 180 | J1148: OFF-HAW-2 | K1148: Approved | L1148: 46282 | M1148: =_xlfn.XLOOKUP(Deals[[#This Row],[CustomerID]],Customers!A:A,Customers!F:F) -> Mass | N1148: =_xlfn.XLOOKUP(Deals[[#This Row],[CustomerID]],Customers!A:A,Customers!E:E) -> Non-Kuwaiti | O1148: =2026-_xlfn.XLOOKUP(Deals[[#This Row],[CustomerID]],Customers!A:A,Customers!D:D) -> 69 | P1148: {=_xlfn.IFS(Deals[[#This Row],[Age]]<30,"Under 30",Deals[[#This Row],[Age]]<45,"30-44",TRUE,"45+")} -> 45+ | Q1148: =IF(Deals[[#This Row],[Status]]="Pending","",Deals[[#This Row],[DecisionDate]]-Deals[[#This Row],[ApplicationDate]]) -> 16 | R1148: =IF(Deals[[#This Row],[Status]]="Approved",1,0) -> 1 | S1148: =IF(Deals[[#This Row],[IsApproved]]=1,Deals[[#This Row],[Amount]],0) -> 50000 | T1148: =Deals[[#This Row],[ApprovedAmount]]*Deals[[#This Row],[ProfitRate]] -> 2150
A1149: FN-01168 | B1149: 46266 | C1149: C0588 | D1149: Salmiya | E1149: Personal Tawarruq | F1149: Mobile App | G1149: 17600 | H1149: 0.0568 | I1149: 12 | J1149: OFF-SAL-3 | K1149: Pending | M1149: =_xlfn.XLOOKUP(Deals[[#This Row],[CustomerID]],Customers!A:A,Customers!F:F) -> Affluent | N1149: =_xlfn.XLOOKUP(Deals[[#This Row],[CustomerID]],Customers!A:A,Customers!E:E) -> Kuwaiti | O1149: =2026-_xlfn.XLOOKUP(Deals[[#This Row],[CustomerID]],Customers!A:A,Customers!D:D) -> 23 | P1149: {=_xlfn.IFS(Deals[[#This Row],[Age]]<30,"Under 30",Deals[[#This Row],[Age]]<45,"30-44",TRUE,"45+")} -> Under 30 | Q1149: =IF(Deals[[#This Row],[Status]]="Pending","",Deals[[#This Row],[DecisionDate]]-Deals[[#This Row],[ApplicationDate]]) | R1149: =IF(Deals[[#This Row],[Status]]="Approved",1,0) -> 0 | S1149: =IF(Deals[[#This Row],[IsApproved]]=1,Deals[[#This Row],[Amount]],0) -> 0 | T1149: =Deals[[#This Row],[ApprovedAmount]]*Deals[[#This Row],[ProfitRate]] -> 0
A1150: FN-01192 | B1150: 46266 | C1150: C0854 | D1150: Hawally | E1150: Home Ijara | F1150: Mobile App | G1150: 246200 | H1150: 0.0332 | I1150: 120 | J1150: OFF-HAW-3 | K1150: Approved | L1150: 46293 | M1150: =_xlfn.XLOOKUP(Deals[[#This Row],[CustomerID]],Customers!A:A,Customers!F:F) -> Mass | N1150: =_xlfn.XLOOKUP(Deals[[#This Row],[CustomerID]],Customers!A:A,Customers!E:E) -> Kuwaiti | O1150: =2026-_xlfn.XLOOKUP(Deals[[#This Row],[CustomerID]],Customers!A:A,Customers!D:D) -> 23 | P1150: {=_xlfn.IFS(Deals[[#This Row],[Age]]<30,"Under 30",Deals[[#This Row],[Age]]<45,"30-44",TRUE,"45+")} -> Under 30 | Q1150: =IF(Deals[[#This Row],[Status]]="Pending","",Deals[[#This Row],[DecisionDate]]-Deals[[#This Row],[ApplicationDate]]) -> 27 | R1150: =IF(Deals[[#This Row],[Status]]="Approved",1,0) -> 1 | S1150: =IF(Deals[[#This Row],[IsApproved]]=1,Deals[[#This Row],[Amount]],0) -> 246200 | T1150: =Deals[[#This Row],[ApprovedAmount]]*Deals[[#This Row],[ProfitRate]] -> 8173.84
A1151: FN-01219 | B1151: 46266 | C1151: C0550 | D1151: Ahmadi | E1151: Auto Murabaha | F1151: Mobile App | G1151: 17400 | H1151: 0.043 | I1151: 36 | J1151: OFF-AHM-1 | K1151: Approved | L1151: 46269 | M1151: =_xlfn.XLOOKUP(Deals[[#This Row],[CustomerID]],Customers!A:A,Customers!F:F) -> Premium | N1151: =_xlfn.XLOOKUP(Deals[[#This Row],[CustomerID]],Customers!A:A,Customers!E:E) -> Non-Kuwaiti | O1151: =2026-_xlfn.XLOOKUP(Deals[[#This Row],[CustomerID]],Customers!A:A,Customers!D:D) -> 58 | P1151: {=_xlfn.IFS(Deals[[#This Row],[Age]]<30,"Under 30",Deals[[#This Row],[Age]]<45,"30-44",TRUE,"45+")} -> 45+ | Q1151: =IF(Deals[[#This Row],[Status]]="Pending","",Deals[[#This Row],[DecisionDate]]-Deals[[#This Row],[ApplicationDate]]) -> 3 | R1151: =IF(Deals[[#This Row],[Status]]="Approved",1,0) -> 1 | S1151: =IF(Deals[[#This Row],[IsApproved]]=1,Deals[[#This Row],[Amount]],0) -> 17400 | T1151: =Deals[[#This Row],[ApprovedAmount]]*Deals[[#This Row],[ProfitRate]] -> 748.2
A1152: FN-01225 | B1152: 46266 | C1152: C0046 | D1152: Farwaniya | E1152: Home Ijara | F1152: Mobile App | G1152: 190000 | H1152: 0.039 | I1152: 300 | J1152: OFF-FAR-2 | K1152: Rejected | L1152: 46283 | M1152: =_xlfn.XLOOKUP(Deals[[#This Row],[CustomerID]],Customers!A:A,Customers!F:F) -> Mass | N1152: =_xlfn.XLOOKUP(Deals[[#This Row],[CustomerID]],Customers!A:A,Customers!E:E) -> Non-Kuwaiti | O1152: =2026-_xlfn.XLOOKUP(Deals[[#This Row],[CustomerID]],Customers!A:A,Customers!D:D) -> 63 | P1152: {=_xlfn.IFS(Deals[[#This Row],[Age]]<30,"Under 30",Deals[[#This Row],[Age]]<45,"30-44",TRUE,"45+")} -> 45+ | Q1152: =IF(Deals[[#This Row],[Status]]="Pending","",Deals[[#This Row],[DecisionDate]]-Deals[[#This Row],[ApplicationDate]]) -> 17 | R1152: =IF(Deals[[#This Row],[Status]]="Approved",1,0) -> 0 | S1152: =IF(Deals[[#This Row],[IsApproved]]=1,Deals[[#This Row],[Amount]],0) -> 0 | T1152: =Deals[[#This Row],[ApprovedAmount]]*Deals[[#This Row],[ProfitRate]] -> 0
A1153: FN-01245 | B1153: 46266 | C1153: C0551 | D1153: Hawally | E1153: SME Murabaha | F1153: Branch | G1153: 75400 | H1153: 0.0551 | I1153: 84 | J1153: OFF-HAW-2 | K1153: Approved | L1153: 46282 | M1153: =_xlfn.XLOOKUP(Deals[[#This Row],[CustomerID]],Customers!A:A,Customers!F:F) -> Mass | N1153: =_xlfn.XLOOKUP(Deals[[#This Row],[CustomerID]],Customers!A:A,Customers!E:E) -> Non-Kuwaiti | O1153: =2026-_xlfn.XLOOKUP(Deals[[#This Row],[CustomerID]],Customers!A:A,Customers!D:D) -> 25 | P1153: {=_xlfn.IFS(Deals[[#This Row],[Age]]<30,"Under 30",Deals[[#This Row],[Age]]<45,"30-44",TRUE,"45+")} -> Under 30 | Q1153: =IF(Deals[[#This Row],[Status]]="Pending","",Deals[[#This Row],[DecisionDate]]-Deals[[#This Row],[ApplicationDate]]) -> 16 | R1153: =IF(Deals[[#This Row],[Status]]="Approved",1,0) -> 1 | S1153: =IF(Deals[[#This Row],[IsApproved]]=1,Deals[[#This Row],[Amount]],0) -> 75400 | T1153: =Deals[[#This Row],[ApprovedAmount]]*Deals[[#This Row],[ProfitRate]] -> 4154.54
A1154: FN-01266 | B1154: 46266 | C1154: C0631 | D1154: Kuwait City | E1154: Personal Tawarruq | F1154: Mobile App | G1154: 11000 | H1154: 0.0673 | I1154: 24 | J1154: OFF-KUW-2 | K1154: Approved | L1154: 46267 | M1154: =_xlfn.XLOOKUP(Deals[[#This Row],[CustomerID]],Customers!A:A,Customers!F:F) -> Mass | N1154: =_xlfn.XLOOKUP(Deals[[#This Row],[CustomerID]],Customers!A:A,Customers!E:E) -> Kuwaiti | O1154: =2026-_xlfn.XLOOKUP(Deals[[#This Row],[CustomerID]],Customers!A:A,Customers!D:D) -> 38 | P1154: {=_xlfn.IFS(Deals[[#This Row],[Age]]<30,"Under 30",Deals[[#This Row],[Age]]<45,"30-44",TRUE,"45+")} -> 30-44 | Q1154: =IF(Deals[[#This Row],[Status]]="Pending","",Deals[[#This Row],[DecisionDate]]-Deals[[#This Row],[ApplicationDate]]) -> 1 | R1154: =IF(Deals[[#This Row],[Status]]="Approved",1,0) -> 1 | S1154: =IF(Deals[[#This Row],[IsApproved]]=1,Deals[[#This Row],[Amount]],0) -> 11000 | T1154: =Deals[[#This Row],[ApprovedAmount]]*Deals[[#This Row],[ProfitRate]] -> 740.3
A1155: FN-01196 | B1155: 46267 | C1155: C0680 | D1155: Ahmadi | E1155: Home Ijara | F1155: Mobile App | G1155: 182300 | H1155: 0.0449 | I1155: 300 | J1155: OFF-AHM-1 | K1155: Rejected | L1155: 46276 | M1155: =_xlfn.XLOOKUP(Deals[[#This Row],[CustomerID]],Customers!A:A,Customers!F:F) -> Mass | N1155: =_xlfn.XLOOKUP(Deals[[#This Row],[CustomerID]],Customers!A:A,Customers!E:E) -> Non-Kuwaiti | O1155: =2026-_xlfn.XLOOKUP(Deals[[#This Row],[CustomerID]],Customers!A:A,Customers!D:D) -> 46 | P1155: {=_xlfn.IFS(Deals[[#This Row],[Age]]<30,"Under 30",Deals[[#This Row],[Age]]<45,"30-44",TRUE,"45+")} -> 45+ | Q1155: =IF(Deals[[#This Row],[Status]]="Pending","",Deals[[#This Row],[DecisionDate]]-Deals[[#This Row],[ApplicationDate]]) -> 9 | R1155: =IF(Deals[[#This Row],[Status]]="Approved",1,0) -> 0 | S1155: =IF(Deals[[#This Row],[IsApproved]]=1,Deals[[#This Row],[Amount]],0) -> 0 | T1155: =Deals[[#This Row],[ApprovedAmount]]*Deals[[#This Row],[ProfitRate]] -> 0
A1156: FN-01197 | B1156: 46267 | C1156: C0559 | D1156: Farwaniya | E1156: SME Murabaha | F1156: Online | G1156: 61100 | H1156: 0.0723 | I1156: 60 | J1156: OFF-FAR-3 | K1156: Rejected | L1156: 46281 | M1156: =_xlfn.XLOOKUP(Deals[[#This Row],[CustomerID]],Customers!A:A,Customers!F:F) -> Mass | N1156: =_xlfn.XLOOKUP(Deals[[#This Row],[CustomerID]],Customers!A:A,Customers!E:E) -> Kuwaiti | O1156: =2026-_xlfn.XLOOKUP(Deals[[#This Row],[CustomerID]],Customers!A:A,Customers!D:D) -> 26 | P1156: {=_xlfn.IFS(Deals[[#This Row],[Age]]<30,"Under 30",Deals[[#This Row],[Age]]<45,"30-44",TRUE,"45+")} -> Under 30 | Q1156: =IF(Deals[[#This Row],[Status]]="Pending","",Deals[[#This Row],[DecisionDate]]-Deals[[#This Row],[ApplicationDate]]) -> 14 | R1156: =IF(Deals[[#This Row],[Status]]="Approved",1,0) -> 0 | S1156: =IF(Deals[[#This Row],[IsApproved]]=1,Deals[[#This Row],[Amount]],0) -> 0 | T1156: =Deals[[#This Row],[ApprovedAmount]]*Deals[[#This Row],[ProfitRate]] -> 0
A1157: FN-01280 | B1157: 46267 | C1157: C0169 | D1157: Farwaniya | E1157: Personal Tawarruq | F1157: Online | G1157: 23900 | H1157: 0.0584 | I1157: 12 | J1157: OFF-FAR-2 | K1157: Approved | L1157: 46274 | M1157: =_xlfn.XLOOKUP(Deals[[#This Row],[CustomerID]],Customers!A:A,Customers!F:F) -> Mass | N1157: =_xlfn.XLOOKUP(Deals[[#This Row],[CustomerID]],Customers!A:A,Customers!E:E) -> Kuwaiti | O1157: =2026-_xlfn.XLOOKUP(Deals[[#This Row],[CustomerID]],Customers!A:A,Customers!D:D) -> 68 | P1157: {=_xlfn.IFS(Deals[[#This Row],[Age]]<30,"Under 30",Deals[[#This Row],[Age]]<45,"30-44",TRUE,"45+")} -> 45+ | Q1157: =IF(Deals[[#This Row],[Status]]="Pending","",Deals[[#This Row],[DecisionDate]]-Deals[[#This Row],[ApplicationDate]]) -> 7 | R1157: =IF(Deals[[#This Row],[Status]]="Approved",1,0) -> 1 | S1157: =IF(Deals[[#This Row],[IsApproved]]=1,Deals[[#This Row],[Amount]],0) -> 23900 | T1157: =Deals[[#This Row],[ApprovedAmount]]*Deals[[#This Row],[ProfitRate]] -> 1395.76
A1158: FN-01207 | B1158: 46268 | C1158: C0707 | D1158: Salmiya | E1158: Auto Murabaha | F1158: Branch | G1158: 4800 | H1158: 0.0377 | I1158: 60 | J1158: OFF-SAL-3 | K1158: Approved | L1158: 46273 | M1158: =_xlfn.XLOOKUP(Deals[[#This Row],[CustomerID]],Customers!A:A,Customers!F:F) -> Mass | N1158: =_xlfn.XLOOKUP(Deals[[#This Row],[CustomerID]],Customers!A:A,Customers!E:E) -> Non-Kuwaiti | O1158: =2026-_xlfn.XLOOKUP(Deals[[#This Row],[CustomerID]],Customers!A:A,Customers!D:D) -> 40 | P1158: {=_xlfn.IFS(Deals[[#This Row],[Age]]<30,"Under 30",Deals[[#This Row],[Age]]<45,"30-44",TRUE,"45+")} -> 30-44 | Q1158: =IF(Deals[[#This Row],[Status]]="Pending","",Deals[[#This Row],[DecisionDate]]-Deals[[#This Row],[ApplicationDate]]) -> 5 | R1158: =IF(Deals[[#This Row],[Status]]="Approved",1,0) -> 1 | S1158: =IF(Deals[[#This Row],[IsApproved]]=1,Deals[[#This Row],[Amount]],0) -> 4800 | T1158: =Deals[[#This Row],[ApprovedAmount]]*Deals[[#This Row],[ProfitRate]] -> 180.96
A1159: FN-01220 | B1159: 46268 | C1159: C0904 | D1159: Kuwait City | E1159: SME Murabaha | F1159: Branch | G1159: 52000 | H1159: 0.0701 | I1159: 60 | J1159: OFF-KUW-2 | K1159: Approved | L1159: 46288 | M1159: =_xlfn.XLOOKUP(Deals[[#This Row],[CustomerID]],Customers!A:A,Customers!F:F) -> Mass | N1159: =_xlfn.XLOOKUP(Deals[[#This Row],[CustomerID]],Customers!A:A,Customers!E:E) -> Kuwaiti | O1159: =2026-_xlfn.XLOOKUP(Deals[[#This Row],[CustomerID]],Customers!A:A,Customers!D:D) -> 25 | P1159: {=_xlfn.IFS(Deals[[#This Row],[Age]]<30,"Under 30",Deals[[#This Row],[Age]]<45,"30-44",TRUE,"45+")} -> Under 30 | Q1159: =IF(Deals[[#This Row],[Status]]="Pending","",Deals[[#This Row],[DecisionDate]]-Deals[[#This Row],[ApplicationDate]]) -> 20 | R1159: =IF(Deals[[#This Row],[Status]]="Approved",1,0) -> 1 | S1159: =IF(Deals[[#This Row],[IsApproved]]=1,Deals[[#This Row],[Amount]],0) -> 52000 | T1159: =Deals[[#This Row],[ApprovedAmount]]*Deals[[#This Row],[ProfitRate]] -> 3645.2
A1160: FN-01228 | B1160: 46268 | C1160: C0628 | D1160: Salmiya | E1160: Personal Tawarruq | F1160: Branch | G1160: 11700 | H1160: 0.0542 | I1160: 36 | J1160: OFF-SAL-3 | K1160: Approved | L1160: 46270 | M1160: =_xlfn.XLOOKUP(Deals[[#This Row],[CustomerID]],Customers!A:A,Customers!F:F) -> Premium | N1160: =_xlfn.XLOOKUP(Deals[[#This Row],[CustomerID]],Customers!A:A,Customers!E:E) -> Kuwaiti | O1160: =2026-_xlfn.XLOOKUP(Deals[[#This Row],[CustomerID]],Customers!A:A,Customers!D:D) -> 38 | P1160: {=_xlfn.IFS(Deals[[#This Row],[Age]]<30,"Under 30",Deals[[#This Row],[Age]]<45,"30-44",TRUE,"45+")} -> 30-44 | Q1160: =IF(Deals[[#This Row],[Status]]="Pending","",Deals[[#This Row],[DecisionDate]]-Deals[[#This Row],[ApplicationDate]]) -> 2 | R1160: =IF(Deals[[#This Row],[Status]]="Approved",1,0) -> 1 | S1160: =IF(Deals[[#This Row],[IsApproved]]=1,Deals[[#This Row],[Amount]],0) -> 11700 | T1160: =Deals[[#This Row],[ApprovedAmount]]*Deals[[#This Row],[ProfitRate]] -> 634.14
A1161: FN-01287 | B1161: 46268 | C1161: C0238 | D1161: Farwaniya | E1161: Auto Murabaha | F1161: Mobile App | G1161: 13900 | H1161: 0.0486 | I1161: 36 | J1161: OFF-FAR-2 | K1161: Rejected | L1161: 46270 | M1161: =_xlfn.XLOOKUP(Deals[[#This Row],[CustomerID]],Customers!A:A,Customers!F:F) -> Mass | N1161: =_xlfn.XLOOKUP(Deals[[#This Row],[CustomerID]],Customers!A:A,Customers!E:E) -> Kuwaiti | O1161: =2026-_xlfn.XLOOKUP(Deals[[#This Row],[CustomerID]],Customers!A:A,Customers!D:D) -> 49 | P1161: {=_xlfn.IFS(Deals[[#This Row],[Age]]<30,"Under 30",Deals[[#This Row],[Age]]<45,"30-44",TRUE,"45+")} -> 45+ | Q1161: =IF(Deals[[#This Row],[Status]]="Pending","",Deals[[#This Row],[DecisionDate]]-Deals[[#This Row],[ApplicationDate]]) -> 2 | R1161: =IF(Deals[[#This Row],[Status]]="Approved",1,0) -> 0 | S1161: =IF(Deals[[#This Row],[IsApproved]]=1,Deals[[#This Row],[Amount]],0) -> 0 | T1161: =Deals[[#This Row],[ApprovedAmount]]*Deals[[#This Row],[ProfitRate]] -> 0
... A1167: FN-01210 | B1167: 46270 | C1167: C0356 | D1167: Kuwait City | E1167: Personal Tawarruq | F1167: Mobile App | G1167: 19400 | H1167: 0.067 | I1167: 60 | J1167: OFF-KUW-1 | K1167: Rejected | L1167: 46276 | M1167: =_xlfn.XLOOKUP(Deals[[#This Row],[CustomerID]],Customers!A:A,Customers!F:F) -> Affluent | N1167: =_xlfn.XLOOKUP(Deals[[#This Row],[CustomerID]],Customers!A:A,Customers!E:E) -> Kuwaiti | O1167: =2026-_xlfn.XLOOKUP(Deals[[#This Row],[CustomerID]],Customers!A:A,Customers!D:D) -> 38 | P1167: {=_xlfn.IFS(Deals[[#This Row],[Age]]<30,"Under 30",Deals[[#This Row],[Age]]<45,"30-44",TRUE,"45+")} -> 30-44 | Q1167: =IF(Deals[[#This Row],[Status]]="Pending","",Deals[[#This Row],[DecisionDate]]-Deals[[#This Row],[ApplicationDate]]) -> 6 | R1167: =IF(Deals[[#This Row],[Status]]="Approved",1,0) -> 0 | S1167: =IF(Deals[[#This Row],[IsApproved]]=1,Deals[[#This Row],[Amount]],0) -> 0 | T1167: =Deals[[#This Row],[ApprovedAmount]]*Deals[[#This Row],[ProfitRate]] -> 0
A1168: FN-01211 | B1168: 46270 | C1168: C0207 | D1168: Kuwait City | E1168: Auto Murabaha | F1168: Online | G1168: 15100 | H1168: 0.0494 | I1168: 60 | J1168: OFF-KUW-1 | K1168: Pending | M1168: =_xlfn.XLOOKUP(Deals[[#This Row],[CustomerID]],Customers!A:A,Customers!F:F) -> Affluent | N1168: =_xlfn.XLOOKUP(Deals[[#This Row],[CustomerID]],Customers!A:A,Customers!E:E) -> Kuwaiti | O1168: =2026-_xlfn.XLOOKUP(Deals[[#This Row],[CustomerID]],Customers!A:A,Customers!D:D) -> 58 | P1168: {=_xlfn.IFS(Deals[[#This Row],[Age]]<30,"Under 30",Deals[[#This Row],[Age]]<45,"30-44",TRUE,"45+")} -> 45+ | Q1168: =IF(Deals[[#This Row],[Status]]="Pending","",Deals[[#This Row],[DecisionDate]]-Deals[[#This Row],[ApplicationDate]]) | R1168: =IF(Deals[[#This Row],[Status]]="Approved",1,0) -> 0 | S1168: =IF(Deals[[#This Row],[IsApproved]]=1,Deals[[#This Row],[Amount]],0) -> 0 | T1168: =Deals[[#This Row],[ApprovedAmount]]*Deals[[#This Row],[ProfitRate]] -> 0
A1169: FN-01302 | B1169: 46270 | C1169: C0921 | D1169: Farwaniya | E1169: Personal Tawarruq | F1169: Branch | G1169: 13700 | H1169: 0.0615 | I1169: 60 | J1169: OFF-FAR-2 | K1169: Approved | L1169: 46271 | M1169: =_xlfn.XLOOKUP(Deals[[#This Row],[CustomerID]],Customers!A:A,Customers!F:F) -> Affluent | N1169: =_xlfn.XLOOKUP(Deals[[#This Row],[CustomerID]],Customers!A:A,Customers!E:E) -> Kuwaiti | O1169: =2026-_xlfn.XLOOKUP(Deals[[#This Row],[CustomerID]],Customers!A:A,Customers!D:D) -> 43 | P1169: {=_xlfn.IFS(Deals[[#This Row],[Age]]<30,"Under 30",Deals[[#This Row],[Age]]<45,"30-44",TRUE,"45+")} -> 30-44 | Q1169: =IF(Deals[[#This Row],[Status]]="Pending","",Deals[[#This Row],[DecisionDate]]-Deals[[#This Row],[ApplicationDate]]) -> 1 | R1169: =IF(Deals[[#This Row],[Status]]="Approved",1,0) -> 1 | S1169: =IF(Deals[[#This Row],[IsApproved]]=1,Deals[[#This Row],[Amount]],0) -> 13700 | T1169: =Deals[[#This Row],[ApprovedAmount]]*Deals[[#This Row],[ProfitRate]] -> 842.55
A1170: FN-01161 | B1170: 46271 | C1170: C0271 | D1170: Jahra | E1170: Home Ijara | F1170: Mobile App | G1170: 174500 | H1170: 0.0396 | I1170: 180 | J1170: OFF-JAH-1 | K1170: Rejected | L1170: 46296 | M1170: =_xlfn.XLOOKUP(Deals[[#This Row],[CustomerID]],Customers!A:A,Customers!F:F) -> Mass | N1170: =_xlfn.XLOOKUP(Deals[[#This Row],[CustomerID]],Customers!A:A,Customers!E:E) -> Kuwaiti | O1170: =2026-_xlfn.XLOOKUP(Deals[[#This Row],[CustomerID]],Customers!A:A,Customers!D:D) -> 37 | P1170: {=_xlfn.IFS(Deals[[#This Row],[Age]]<30,"Under 30",Deals[[#This Row],[Age]]<45,"30-44",TRUE,"45+")} -> 30-44 | Q1170: =IF(Deals[[#This Row],[Status]]="Pending","",Deals[[#This Row],[DecisionDate]]-Deals[[#This Row],[ApplicationDate]]) -> 25 | R1170: =IF(Deals[[#This Row],[Status]]="Approved",1,0) -> 0 | S1170: =IF(Deals[[#This Row],[IsApproved]]=1,Deals[[#This Row],[Amount]],0) -> 0 | T1170: =Deals[[#This Row],[ApprovedAmount]]*Deals[[#This Row],[ProfitRate]] -> 0
A1171: FN-01270 | B1171: 46271 | C1171: C0722 | D1171: Salmiya | E1171: Auto Murabaha | F1171: Online | G1171: 14100 | H1171: 0.0438 | I1171: 36 | J1171: OFF-SAL-1 | K1171: Approved | L1171: 46275 | M1171: =_xlfn.XLOOKUP(Deals[[#This Row],[CustomerID]],Customers!A:A,Customers!F:F) -> Mass | N1171: =_xlfn.XLOOKUP(Deals[[#This Row],[CustomerID]],Customers!A:A,Customers!E:E) -> Non-Kuwaiti | O1171: =2026-_xlfn.XLOOKUP(Deals[[#This Row],[CustomerID]],Customers!A:A,Customers!D:D) -> 61 | P1171: {=_xlfn.IFS(Deals[[#This Row],[Age]]<30,"Under 30",Deals[[#This Row],[Age]]<45,"30-44",TRUE,"45+")} -> 45+ | Q1171: =IF(Deals[[#This Row],[Status]]="Pending","",Deals[[#This Row],[DecisionDate]]-Deals[[#This Row],[ApplicationDate]]) -> 4 | R1171: =IF(Deals[[#This Row],[Status]]="Approved",1,0) -> 1 | S1171: =IF(Deals[[#This Row],[IsApproved]]=1,Deals[[#This Row],[Amount]],0) -> 14100 | T1171: =Deals[[#This Row],[ApprovedAmount]]*Deals[[#This Row],[ProfitRate]] -> 617.58
A1172: FN-01305 | B1172: 46271 | C1172: C0790 | D1172: Salmiya | E1172: Auto Murabaha | F1172: Mobile App | G1172: 16700 | H1172: 0.0493 | I1172: 60 | J1172: OFF-SAL-2 | K1172: Approved | L1172: 46272 | M1172: =_xlfn.XLOOKUP(Deals[[#This Row],[CustomerID]],Customers!A:A,Customers!F:F) -> Affluent | N1172: =_xlfn.XLOOKUP(Deals[[#This Row],[CustomerID]],Customers!A:A,Customers!E:E) -> Non-Kuwaiti | O1172: =2026-_xlfn.XLOOKUP(Deals[[#This Row],[CustomerID]],Customers!A:A,Customers!D:D) -> 39 | P1172: {=_xlfn.IFS(Deals[[#This Row],[Age]]<30,"Under 30",Deals[[#This Row],[Age]]<45,"30-44",TRUE,"45+")} -> 30-44 | Q1172: =IF(Deals[[#This Row],[Status]]="Pending","",Deals[[#This Row],[DecisionDate]]-Deals[[#This Row],[ApplicationDate]]) -> 1 | R1172: =IF(Deals[[#This Row],[Status]]="Approved",1,0) -> 1 | S1172: =IF(Deals[[#This Row],[IsApproved]]=1,Deals[[#This Row],[Amount]],0) -> 16700 | T1172: =Deals[[#This Row],[ApprovedAmount]]*Deals[[#This Row],[ProfitRate]] -> 823.31
A1173: FN-01165 | B1173: 46272 | C1173: C0490 | D1173: Kuwait City | E1173: Home Ijara | F1173: Branch | G1173: 177800 | H1173: 0.0438 | I1173: 180 | J1173: OFF-KUW-1 | K1173: Rejected | L1173: 46297 | M1173: =_xlfn.XLOOKUP(Deals[[#This Row],[CustomerID]],Customers!A:A,Customers!F:F) -> Mass | N1173: =_xlfn.XLOOKUP(Deals[[#This Row],[CustomerID]],Customers!A:A,Customers!E:E) -> Kuwaiti | O1173: =2026-_xlfn.XLOOKUP(Deals[[#This Row],[CustomerID]],Customers!A:A,Customers!D:D) -> 50 | P1173: {=_xlfn.IFS(Deals[[#This Row],[Age]]<30,"Under 30",Deals[[#This Row],[Age]]<45,"30-44",TRUE,"45+")} -> 45+ | Q1173: =IF(Deals[[#This Row],[Status]]="Pending","",Deals[[#This Row],[DecisionDate]]-Deals[[#This Row],[ApplicationDate]]) -> 25 | R1173: =IF(Deals[[#This Row],[Status]]="Approved",1,0) -> 0 | S1173: =IF(Deals[[#This Row],[IsApproved]]=1,Deals[[#This Row],[Amount]],0) -> 0 | T1173: =Deals[[#This Row],[ApprovedAmount]]*Deals[[#This Row],[ProfitRate]] -> 0
A1174: FN-01186 | B1174: 46272 | C1174: C0557 | D1174: Hawally | E1174: Auto Murabaha | F1174: Mobile App | G1174: 8700 | H1174: 0.0499 | I1174: 36 | J1174: OFF-HAW-1 | K1174: Approved | L1174: 46276 | M1174: =_xlfn.XLOOKUP(Deals[[#This Row],[CustomerID]],Customers!A:A,Customers!F:F) -> Affluent | N1174: =_xlfn.XLOOKUP(Deals[[#This Row],[CustomerID]],Customers!A:A,Customers!E:E) -> Kuwaiti | O1174: =2026-_xlfn.XLOOKUP(Deals[[#This Row],[CustomerID]],Customers!A:A,Customers!D:D) -> 33 | P1174: {=_xlfn.IFS(Deals[[#This Row],[Age]]<30,"Under 30",Deals[[#This Row],[Age]]<45,"30-44",TRUE,"45+")} -> 30-44 | Q1174: =IF(Deals[[#This Row],[Status]]="Pending","",Deals[[#This Row],[DecisionDate]]-Deals[[#This Row],[ApplicationDate]]) -> 4 | R1174: =IF(Deals[[#This Row],[Status]]="Approved",1,0) -> 1 | S1174: =IF(Deals[[#This Row],[IsApproved]]=1,Deals[[#This Row],[Amount]],0) -> 8700 | T1174: =Deals[[#This Row],[ApprovedAmount]]*Deals[[#This Row],[ProfitRate]] -> 434.13
A1175: FN-01216 | B1175: 46272 | C1175: C0209 | D1175: Kuwait City | E1175: Auto Murabaha | F1175: Online | G1175: 5800 | H1175: 0.0433 | I1175: 36 | J1175: OFF-KUW-2 | K1175: Pending | M1175: =_xlfn.XLOOKUP(Deals[[#This Row],[CustomerID]],Customers!A:A,Customers!F:F) -> Mass | N1175: =_xlfn.XLOOKUP(Deals[[#This Row],[CustomerID]],Customers!A:A,Customers!E:E) -> Kuwaiti | O1175: =2026-_xlfn.XLOOKUP(Deals[[#This Row],[CustomerID]],Customers!A:A,Customers!D:D) -> 30 | P1175: {=_xlfn.IFS(Deals[[#This Row],[Age]]<30,"Under 30",Deals[[#This Row],[Age]]<45,"30-44",TRUE,"45+")} -> 30-44 | Q1175: =IF(Deals[[#This Row],[Status]]="Pending","",Deals[[#This Row],[DecisionDate]]-Deals[[#This Row],[ApplicationDate]]) | R1175: =IF(Deals[[#This Row],[Status]]="Approved",1,0) -> 0 | S1175: =IF(Deals[[#This Row],[IsApproved]]=1,Deals[[#This Row],[Amount]],0) -> 0 | T1175: =Deals[[#This Row],[ApprovedAmount]]*Deals[[#This Row],[ProfitRate]] -> 0
A1176: FN-01232 | B1176: 46272 | C1176: C0240 | D1176: Salmiya | E1176: SME Murabaha | F1176: Branch | G1176: 76700 | H1176: 0.0614 | I1176: 84 | J1176: OFF-SAL-2 | K1176: Pending | M1176: =_xlfn.XLOOKUP(Deals[[#This Row],[CustomerID]],Customers!A:A,Customers!F:F) -> Affluent | N1176: =_xlfn.XLOOKUP(Deals[[#This Row],[CustomerID]],Customers!A:A,Customers!E:E) -> Kuwaiti | O1176: =2026-_xlfn.XLOOKUP(Deals[[#This Row],[CustomerID]],Customers!A:A,Customers!D:D) -> 52 | P1176: {=_xlfn.IFS(Deals[[#This Row],[Age]]<30,"Under 30",Deals[[#This Row],[Age]]<45,"30-44",TRUE,"45+")} -> 45+ | Q1176: =IF(Deals[[#This Row],[Status]]="Pending","",Deals[[#This Row],[DecisionDate]]-Deals[[#This Row],[ApplicationDate]]) | R1176: =IF(Deals[[#This Row],[Status]]="Approved",1,0) -> 0 | S1176: =IF(Deals[[#This Row],[IsApproved]]=1,Deals[[#This Row],[Amount]],0) -> 0 | T1176: =Deals[[#This Row],[ApprovedAmount]]*Deals[[#This Row],[ProfitRate]] -> 0
A1177: FN-01269 | B1177: 46272 | C1177: C0716 | D1177: Jahra | E1177: Personal Tawarruq | F1177: Online | G1177: 10900 | H1177: 0.0646 | I1177: 48 | J1177: OFF-JAH-3 | K1177: Approved | L1177: 46278 | M1177: =_xlfn.XLOOKUP(Deals[[#This Row],[CustomerID]],Customers!A:A,Customers!F:F) -> Mass | N1177: =_xlfn.XLOOKUP(Deals[[#This Row],[CustomerID]],Customers!A:A,Customers!E:E) -> Non-Kuwaiti | O1177: =2026-_xlfn.XLOOKUP(Deals[[#This Row],[CustomerID]],Customers!A:A,Customers!D:D) -> 47 | P1177: {=_xlfn.IFS(Deals[[#This Row],[Age]]<30,"Under 30",Deals[[#This Row],[Age]]<45,"30-44",TRUE,"45+")} -> 45+ | Q1177: =IF(Deals[[#This Row],[Status]]="Pending","",Deals[[#This Row],[DecisionDate]]-Deals[[#This Row],[ApplicationDate]]) -> 6 | R1177: =IF(Deals[[#This Row],[Status]]="Approved",1,0) -> 1 | S1177: =IF(Deals[[#This Row],[IsApproved]]=1,Deals[[#This Row],[Amount]],0) -> 10900 | T1177: =Deals[[#This Row],[ApprovedAmount]]*Deals[[#This Row],[ProfitRate]] -> 704.14
A1178: FN-01273 | B1178: 46272 | C1178: C0618 | D1178: Farwaniya | E1178: Personal Tawarruq | F1178: Mobile App | G1178: 20500 | H1178: 0.0643 | I1178: 36 | J1178: OFF-FAR-2 | K1178: Approved | L1178: 46277 | M1178: =_xlfn.XLOOKUP(Deals[[#This Row],[CustomerID]],Customers!A:A,Customers!F:F) -> Affluent | N1178: =_xlfn.XLOOKUP(Deals[[#This Row],[CustomerID]],Customers!A:A,Customers!E:E) -> Non-Kuwaiti | O1178: =2026-_xlfn.XLOOKUP(Deals[[#This Row],[CustomerID]],Customers!A:A,Customers!D:D) -> 53 | P1178: {=_xlfn.IFS(Deals[[#This Row],[Age]]<30,"Under 30",Deals[[#This Row],[Age]]<45,"30-44",TRUE,"45+")} -> 45+ | Q1178: =IF(Deals[[#This Row],[Status]]="Pending","",Deals[[#This Row],[DecisionDate]]-Deals[[#This Row],[ApplicationDate]]) -> 5 | R1178: =IF(Deals[[#This Row],[Status]]="Approved",1,0) -> 1 | S1178: =IF(Deals[[#This Row],[IsApproved]]=1,Deals[[#This Row],[Amount]],0) -> 20500 | T1178: =Deals[[#This Row],[ApprovedAmount]]*Deals[[#This Row],[ProfitRate]] -> 1318.15
A1179: FN-01293 | B1179: 46272 | C1179: C0442 | D1179: Salmiya | E1179: Auto Murabaha | F1179: Mobile App | G1179: 5100 | H1179: 0.0436 | I1179: 36 | J1179: OFF-SAL-2 | K1179: Approved | L1179: 46273 | M1179: =_xlfn.XLOOKUP(Deals[[#This Row],[CustomerID]],Customers!A:A,Customers!F:F) -> Mass | N1179: =_xlfn.XLOOKUP(Deals[[#This Row],[CustomerID]],Customers!A:A,Customers!E:E) -> Non-Kuwaiti | O1179: =2026-_xlfn.XLOOKUP(Deals[[#This Row],[CustomerID]],Customers!A:A,Customers!D:D) -> 55 | P1179: {=_xlfn.IFS(Deals[[#This Row],[Age]]<30,"Under 30",Deals[[#This Row],[Age]]<45,"30-44",TRUE,"45+")} -> 45+ | Q1179: =IF(Deals[[#This Row],[Status]]="Pending","",Deals[[#This Row],[DecisionDate]]-Deals[[#This Row],[ApplicationDate]]) -> 1 | R1179: =IF(Deals[[#This Row],[Status]]="Approved",1,0) -> 1 | S1179: =IF(Deals[[#This Row],[IsApproved]]=1,Deals[[#This Row],[Amount]],0) -> 5100 | T1179: =Deals[[#This Row],[ApprovedAmount]]*Deals[[#This Row],[ProfitRate]] -> 222.36
A1180: FN-01190 | B1180: 46273 | C1180: C0200 | D1180: Kuwait City | E1180: Auto Murabaha | F1180: Online | G1180: 11200 | H1180: 0.0478 | I1180: 48 | J1180: OFF-KUW-1 | K1180: Approved | L1180: 46277 | M1180: =_xlfn.XLOOKUP(Deals[[#This Row],[CustomerID]],Customers!A:A,Customers!F:F) -> Affluent | N1180: =_xlfn.XLOOKUP(Deals[[#This Row],[CustomerID]],Customers!A:A,Customers!E:E) -> Non-Kuwaiti | O1180: =2026-_xlfn.XLOOKUP(Deals[[#This Row],[CustomerID]],Customers!A:A,Customers!D:D) -> 27 | P1180: {=_xlfn.IFS(Deals[[#This Row],[Age]]<30,"Under 30",Deals[[#This Row],[Age]]<45,"30-44",TRUE,"45+")} -> Under 30 | Q1180: =IF(Deals[[#This Row],[Status]]="Pending","",Deals[[#This Row],[DecisionDate]]-Deals[[#This Row],[ApplicationDate]]) -> 4 | R1180: =IF(Deals[[#This Row],[Status]]="Approved",1,0) -> 1 | S1180: =IF(Deals[[#This Row],[IsApproved]]=1,Deals[[#This Row],[Amount]],0) -> 11200 | T1180: =Deals[[#This Row],[ApprovedAmount]]*Deals[[#This Row],[ProfitRate]] -> 535.36
A1181: FN-01194 | B1181: 46273 | C1181: C0477 | D1181: Hawally | E1181: Personal Tawarruq | F1181: Mobile App | G1181: 22000 | H1181: 0.0659 | I1181: 60 | J1181: OFF-HAW-2 | K1181: Pending | M1181: =_xlfn.XLOOKUP(Deals[[#This Row],[CustomerID]],Customers!A:A,Customers!F:F) -> Mass | N1181: =_xlfn.XLOOKUP(Deals[[#This Row],[CustomerID]],Customers!A:A,Customers!E:E) -> Kuwaiti | O1181: =2026-_xlfn.XLOOKUP(Deals[[#This Row],[CustomerID]],Customers!A:A,Customers!D:D) -> 34 | P1181: {=_xlfn.IFS(Deals[[#This Row],[Age]]<30,"Under 30",Deals[[#This Row],[Age]]<45,"30-44",TRUE,"45+")} -> 30-44 | Q1181: =IF(Deals[[#This Row],[Status]]="Pending","",Deals[[#This Row],[DecisionDate]]-Deals[[#This Row],[ApplicationDate]]) | R1181: =IF(Deals[[#This Row],[Status]]="Approved",1,0) -> 0 | S1181: =IF(Deals[[#This Row],[IsApproved]]=1,Deals[[#This Row],[Amount]],0) -> 0 | T1181: =Deals[[#This Row],[ApprovedAmount]]*Deals[[#This Row],[ProfitRate]] -> 0
A1182: FN-01223 | B1182: 46273 | C1182: C0217 | D1182: Salmiya | E1182: Auto Murabaha | F1182: Mobile App | G1182: 18000 | H1182: 0.0436 | I1182: 60 | J1182: OFF-SAL-2 | K1182: Approved | L1182: 46274 | M1182: =_xlfn.XLOOKUP(Deals[[#This Row],[CustomerID]],Customers!A:A,Customers!F:F) -> Premium | N1182: =_xlfn.XLOOKUP(Deals[[#This Row],[CustomerID]],Customers!A:A,Customers!E:E) -> Kuwaiti | O1182: =2026-_xlfn.XLOOKUP(Deals[[#This Row],[CustomerID]],Customers!A:A,Customers!D:D) -> 52 | P1182: {=_xlfn.IFS(Deals[[#This Row],[Age]]<30,"Under 30",Deals[[#This Row],[Age]]<45,"30-44",TRUE,"45+")} -> 45+ | Q1182: =IF(Deals[[#This Row],[Status]]="Pending","",Deals[[#This Row],[DecisionDate]]-Deals[[#This Row],[ApplicationDate]]) -> 1 | R1182: =IF(Deals[[#This Row],[Status]]="Approved",1,0) -> 1 | S1182: =IF(Deals[[#This Row],[IsApproved]]=1,Deals[[#This Row],[Amount]],0) -> 18000 | T1182: =Deals[[#This Row],[ApprovedAmount]]*Deals[[#This Row],[ProfitRate]] -> 784.8
A1183: FN-01256 | B1183: 46273 | C1183: C0412 | D1183: Kuwait City | E1183: Auto Murabaha | F1183: Branch | G1183: 14800 | H1183: 0.0369 | I1183: 48 | J1183: OFF-KUW-2 | K1183: Pending | M1183: =_xlfn.XLOOKUP(Deals[[#This Row],[CustomerID]],Customers!A:A,Customers!F:F) -> Mass | N1183: =_xlfn.XLOOKUP(Deals[[#This Row],[CustomerID]],Customers!A:A,Customers!E:E) -> Kuwaiti | O1183: =2026-_xlfn.XLOOKUP(Deals[[#This Row],[CustomerID]],Customers!A:A,Customers!D:D) -> 34 | P1183: {=_xlfn.IFS(Deals[[#This Row],[Age]]<30,"Under 30",Deals[[#This Row],[Age]]<45,"30-44",TRUE,"45+")} -> 30-44 | Q1183: =IF(Deals[[#This Row],[Status]]="Pending","",Deals[[#This Row],[DecisionDate]]-Deals[[#This Row],[ApplicationDate]]) | R1183: =IF(Deals[[#This Row],[Status]]="Approved",1,0) -> 0 | S1183: =IF(Deals[[#This Row],[IsApproved]]=1,Deals[[#This Row],[Amount]],0) -> 0 | T1183: =Deals[[#This Row],[ApprovedAmount]]*Deals[[#This Row],[ProfitRate]] -> 0
A1184: FN-01267 | B1184: 46273 | C1184: C0441 | D1184: Hawally | E1184: Home Ijara | F1184: Branch | G1184: 117000 | H1184: 0.0393 | I1184: 300 | J1184: OFF-HAW-3 | K1184: Approved | L1184: 46294 | M1184: =_xlfn.XLOOKUP(Deals[[#This Row],[CustomerID]],Customers!A:A,Customers!F:F) -> Mass | N1184: =_xlfn.XLOOKUP(Deals[[#This Row],[CustomerID]],Customers!A:A,Customers!E:E) -> Kuwaiti | O1184: =2026-_xlfn.XLOOKUP(Deals[[#This Row],[CustomerID]],Customers!A:A,Customers!D:D) -> 27 | P1184: {=_xlfn.IFS(Deals[[#This Row],[Age]]<30,"Under 30",Deals[[#This Row],[Age]]<45,"30-44",TRUE,"45+")} -> Under 30 | Q1184: =IF(Deals[[#This Row],[Status]]="Pending","",Deals[[#This Row],[DecisionDate]]-Deals[[#This Row],[ApplicationDate]]) -> 21 | R1184: =IF(Deals[[#This Row],[Status]]="Approved",1,0) -> 1 | S1184: =IF(Deals[[#This Row],[IsApproved]]=1,Deals[[#This Row],[Amount]],0) -> 117000 | T1184: =Deals[[#This Row],[ApprovedAmount]]*Deals[[#This Row],[ProfitRate]] -> 4598.1
A1185: FN-01282 | B1185: 46273 | C1185: C0571 | D1185: Hawally | E1185: SME Murabaha | F1185: Mobile App | G1185: 131500 | H1185: 0.0719 | I1185: 60 | J1185: OFF-HAW-2 | K1185: Approved | L1185: 46291 | M1185: =_xlfn.XLOOKUP(Deals[[#This Row],[CustomerID]],Customers!A:A,Customers!F:F) -> Mass | N1185: =_xlfn.XLOOKUP(Deals[[#This Row],[CustomerID]],Customers!A:A,Customers!E:E) -> Non-Kuwaiti | O1185: =2026-_xlfn.XLOOKUP(Deals[[#This Row],[CustomerID]],Customers!A:A,Customers!D:D) -> 69 | P1185: {=_xlfn.IFS(Deals[[#This Row],[Age]]<30,"Under 30",Deals[[#This Row],[Age]]<45,"30-44",TRUE,"45+")} -> 45+ | Q1185: =IF(Deals[[#This Row],[Status]]="Pending","",Deals[[#This Row],[DecisionDate]]-Deals[[#This Row],[ApplicationDate]]) -> 18 | R1185: =IF(Deals[[#This Row],[Status]]="Approved",1,0) -> 1 | S1185: =IF(Deals[[#This Row],[IsApproved]]=1,Deals[[#This Row],[Amount]],0) -> 131500 | T1185: =Deals[[#This Row],[ApprovedAmount]]*Deals[[#This Row],[ProfitRate]] -> 9454.85
A1186: FN-01209 | B1186: 46274 | C1186: C0227 | D1186: Salmiya | E1186: Personal Tawarruq | F1186: Mobile App | G1186: 18700 | H1186: 0.068 | I1186: 24 | J1186: OFF-SAL-2 | K1186: Approved | L1186: 46274 | M1186: =_xlfn.XLOOKUP(Deals[[#This Row],[CustomerID]],Customers!A:A,Customers!F:F) -> Affluent | N1186: =_xlfn.XLOOKUP(Deals[[#This Row],[CustomerID]],Customers!A:A,Customers!E:E) -> Kuwaiti | O1186: =2026-_xlfn.XLOOKUP(Deals[[#This Row],[CustomerID]],Customers!A:A,Customers!D:D) -> 68 | P1186: {=_xlfn.IFS(Deals[[#This Row],[Age]]<30,"Under 30",Deals[[#This Row],[Age]]<45,"30-44",TRUE,"45+")} -> 45+ | Q1186: =IF(Deals[[#This Row],[Status]]="Pending","",Deals[[#This Row],[DecisionDate]]-Deals[[#This Row],[ApplicationDate]]) -> 0 | R1186: =IF(Deals[[#This Row],[Status]]="Approved",1,0) -> 1 | S1186: =IF(Deals[[#This Row],[IsApproved]]=1,Deals[[#This Row],[Amount]],0) -> 18700 | T1186: =Deals[[#This Row],[ApprovedAmount]]*Deals[[#This Row],[ProfitRate]] -> 1271.6
A1187: FN-01297 | B1187: 46274 | C1187: C0814 | D1187: Salmiya | E1187: Auto Murabaha | F1187: Mobile App | G1187: 9800 | H1187: 0.0395 | I1187: 36 | J1187: OFF-SAL-1 | K1187: Approved | L1187: 46275 | M1187: =_xlfn.XLOOKUP(Deals[[#This Row],[CustomerID]],Customers!A:A,Customers!F:F) -> Affluent | N1187: =_xlfn.XLOOKUP(Deals[[#This Row],[CustomerID]],Customers!A:A,Customers!E:E) -> Kuwaiti | O1187: =2026-_xlfn.XLOOKUP(Deals[[#This Row],[CustomerID]],Customers!A:A,Customers!D:D) -> 52 | P1187: {=_xlfn.IFS(Deals[[#This Row],[Age]]<30,"Under 30",Deals[[#This Row],[Age]]<45,"30-44",TRUE,"45+")} -> 45+ | Q1187: =IF(Deals[[#This Row],[Status]]="Pending","",Deals[[#This Row],[DecisionDate]]-Deals[[#This Row],[ApplicationDate]]) -> 1 | R1187: =IF(Deals[[#This Row],[Status]]="Approved",1,0) -> 1 | S1187: =IF(Deals[[#This Row],[IsApproved]]=1,Deals[[#This Row],[Amount]],0) -> 9800 | T1187: =Deals[[#This Row],[ApprovedAmount]]*Deals[[#This Row],[ProfitRate]] -> 387.1
A1188: FN-01158 | B1188: 46275 | C1188: C0266 | D1188: Ahmadi | E1188: Personal Tawarruq | F1188: Mobile App | G1188: 9100 | H1188: 0.0685 | I1188: 12 | J1188: OFF-AHM-1 | K1188: Approved | L1188: 46278 | M1188: =_xlfn.XLOOKUP(Deals[[#This Row],[CustomerID]],Customers!A:A,Customers!F:F) -> Premium | N1188: =_xlfn.XLOOKUP(Deals[[#This Row],[CustomerID]],Customers!A:A,Customers!E:E) -> Non-Kuwaiti | O1188: =2026-_xlfn.XLOOKUP(Deals[[#This Row],[CustomerID]],Customers!A:A,Customers!D:D) -> 66 | P1188: {=_xlfn.IFS(Deals[[#This Row],[Age]]<30,"Under 30",Deals[[#This Row],[Age]]<45,"30-44",TRUE,"45+")} -> 45+ | Q1188: =IF(Deals[[#This Row],[Status]]="Pending","",Deals[[#This Row],[DecisionDate]]-Deals[[#This Row],[ApplicationDate]]) -> 3 | R1188: =IF(Deals[[#This Row],[Status]]="Approved",1,0) -> 1 | S1188: =IF(Deals[[#This Row],[IsApproved]]=1,Deals[[#This Row],[Amount]],0) -> 9100 | T1188: =Deals[[#This Row],[ApprovedAmount]]*Deals[[#This Row],[ProfitRate]] -> 623.35
A1189: FN-01162 | B1189: 46275 | C1189: C0245 | D1189: Jahra | E1189: Personal Tawarruq | F1189: Branch | G1189: 5900 | H1189: 0.0674 | I1189: 12 | J1189: OFF-JAH-2 | K1189: Approved | L1189: 46281 | M1189: =_xlfn.XLOOKUP(Deals[[#This Row],[CustomerID]],Customers!A:A,Customers!F:F) -> Mass | N1189: =_xlfn.XLOOKUP(Deals[[#This Row],[CustomerID]],Customers!A:A,Customers!E:E) -> Kuwaiti | O1189: =2026-_xlfn.XLOOKUP(Deals[[#This Row],[CustomerID]],Customers!A:A,Customers!D:D) -> 40 | P1189: {=_xlfn.IFS(Deals[[#This Row],[Age]]<30,"Under 30",Deals[[#This Row],[Age]]<45,"30-44",TRUE,"45+")} -> 30-44 | Q1189: =IF(Deals[[#This Row],[Status]]="Pending","",Deals[[#This Row],[DecisionDate]]-Deals[[#This Row],[ApplicationDate]]) -> 6 | R1189: =IF(Deals[[#This Row],[Status]]="Approved",1,0) -> 1 | S1189: =IF(Deals[[#This Row],[IsApproved]]=1,Deals[[#This Row],[Amount]],0) -> 5900 | T1189: =Deals[[#This Row],[ApprovedAmount]]*Deals[[#This Row],[ProfitRate]] -> 397.66
A1190: FN-01172 | B1190: 46275 | C1190: C0599 | D1190: Ahmadi | E1190: SME Murabaha | F1190: Branch | G1190: 132200 | H1190: 0.0583 | I1190: 36 | J1190: OFF-AHM-1 | K1190: Rejected | L1190: 46285 | M1190: =_xlfn.XLOOKUP(Deals[[#This Row],[CustomerID]],Customers!A:A,Customers!F:F) -> Mass | N1190: =_xlfn.XLOOKUP(Deals[[#This Row],[CustomerID]],Customers!A:A,Customers!E:E) -> Kuwaiti | O1190: =2026-_xlfn.XLOOKUP(Deals[[#This Row],[CustomerID]],Customers!A:A,Customers!D:D) -> 49 | P1190: {=_xlfn.IFS(Deals[[#This Row],[Age]]<30,"Under 30",Deals[[#This Row],[Age]]<45,"30-44",TRUE,"45+")} -> 45+ | Q1190: =IF(Deals[[#This Row],[Status]]="Pending","",Deals[[#This Row],[DecisionDate]]-Deals[[#This Row],[ApplicationDate]]) -> 10 | R1190: =IF(Deals[[#This Row],[Status]]="Approved",1,0) -> 0 | S1190: =IF(Deals[[#This Row],[IsApproved]]=1,Deals[[#This Row],[Amount]],0) -> 0 | T1190: =Deals[[#This Row],[ApprovedAmount]]*Deals[[#This Row],[ProfitRate]] -> 0
A1191: FN-01215 | B1191: 46275 | C1191: C0186 | D1191: Salmiya | E1191: SME Murabaha | F1191: Mobile App | G1191: 106100 | H1191: 0.0592 | I1191: 24 | J1191: OFF-SAL-3 | K1191: Pending | M1191: =_xlfn.XLOOKUP(Deals[[#This Row],[CustomerID]],Customers!A:A,Customers!F:F) -> Mass | N1191: =_xlfn.XLOOKUP(Deals[[#This Row],[CustomerID]],Customers!A:A,Customers!E:E) -> Kuwaiti | O1191: =2026-_xlfn.XLOOKUP(Deals[[#This Row],[CustomerID]],Customers!A:A,Customers!D:D) -> 36 | P1191: {=_xlfn.IFS(Deals[[#This Row],[Age]]<30,"Under 30",Deals[[#This Row],[Age]]<45,"30-44",TRUE,"45+")} -> 30-44 | Q1191: =IF(Deals[[#This Row],[Status]]="Pending","",Deals[[#This Row],[DecisionDate]]-Deals[[#This Row],[ApplicationDate]]) | R1191: =IF(Deals[[#This Row],[Status]]="Approved",1,0) -> 0 | S1191: =IF(Deals[[#This Row],[IsApproved]]=1,Deals[[#This Row],[Amount]],0) -> 0 | T1191: =Deals[[#This Row],[ApprovedAmount]]*Deals[[#This Row],[ProfitRate]] -> 0
A1192: FN-01218 | B1192: 46275 | C1192: C0826 | D1192: Ahmadi | E1192: Auto Murabaha | F1192: Branch | G1192: 7200 | H1192: 0.0468 | I1192: 60 | J1192: OFF-AHM-2 | K1192: Rejected | L1192: 46276 | M1192: =_xlfn.XLOOKUP(Deals[[#This Row],[CustomerID]],Customers!A:A,Customers!F:F) -> Mass | N1192: =_xlfn.XLOOKUP(Deals[[#This Row],[CustomerID]],Customers!A:A,Customers!E:E) -> Non-Kuwaiti | O1192: =2026-_xlfn.XLOOKUP(Deals[[#This Row],[CustomerID]],Customers!A:A,Customers!D:D) -> 28 | P1192: {=_xlfn.IFS(Deals[[#This Row],[Age]]<30,"Under 30",Deals[[#This Row],[Age]]<45,"30-44",TRUE,"45+")} -> Under 30 | Q1192: =IF(Deals[[#This Row],[Status]]="Pending","",Deals[[#This Row],[DecisionDate]]-Deals[[#This Row],[ApplicationDate]]) -> 1 | R1192: =IF(Deals[[#This Row],[Status]]="Approved",1,0) -> 0 | S1192: =IF(Deals[[#This Row],[IsApproved]]=1,Deals[[#This Row],[Amount]],0) -> 0 | T1192: =Deals[[#This Row],[ApprovedAmount]]*Deals[[#This Row],[ProfitRate]] -> 0
A1193: FN-01224 | B1193: 46275 | C1193: C0230 | D1193: Farwaniya | E1193: SME Murabaha | F1193: Mobile App | G1193: 123900 | H1193: 0.0707 | I1193: 36 | J1193: OFF-FAR-3 | K1193: Approved | L1193: 46294 | M1193: =_xlfn.XLOOKUP(Deals[[#This Row],[CustomerID]],Customers!A:A,Customers!F:F) -> Mass | N1193: =_xlfn.XLOOKUP(Deals[[#This Row],[CustomerID]],Customers!A:A,Customers!E:E) -> Kuwaiti | O1193: =2026-_xlfn.XLOOKUP(Deals[[#This Row],[CustomerID]],Customers!A:A,Customers!D:D) -> 53 | P1193: {=_xlfn.IFS(Deals[[#This Row],[Age]]<30,"Under 30",Deals[[#This Row],[Age]]<45,"30-44",TRUE,"45+")} -> 45+ | Q1193: =IF(Deals[[#This Row],[Status]]="Pending","",Deals[[#This Row],[DecisionDate]]-Deals[[#This Row],[ApplicationDate]]) -> 19 | R1193: =IF(Deals[[#This Row],[Status]]="Approved",1,0) -> 1 | S1193: =IF(Deals[[#This Row],[IsApproved]]=1,Deals[[#This Row],[Amount]],0) -> 123900 | T1193: =Deals[[#This Row],[ApprovedAmount]]*Deals[[#This Row],[ProfitRate]] -> 8759.73
A1194: FN-01229 | B1194: 46275 | C1194: C0889 | D1194: Salmiya | E1194: Auto Murabaha | F1194: Branch | G1194: 7300 | H1194: 0.0352 | I1194: 36 | J1194: OFF-SAL-2 | K1194: Approved | L1194: 46276 | M1194: =_xlfn.XLOOKUP(Deals[[#This Row],[CustomerID]],Customers!A:A,Customers!F:F) -> Mass | N1194: =_xlfn.XLOOKUP(Deals[[#This Row],[CustomerID]],Customers!A:A,Customers!E:E) -> Non-Kuwaiti | O1194: =2026-_xlfn.XLOOKUP(Deals[[#This Row],[CustomerID]],Customers!A:A,Customers!D:D) -> 29 | P1194: {=_xlfn.IFS(Deals[[#This Row],[Age]]<30,"Under 30",Deals[[#This Row],[Age]]<45,"30-44",TRUE,"45+")} -> Under 30 | Q1194: =IF(Deals[[#This Row],[Status]]="Pending","",Deals[[#This Row],[DecisionDate]]-Deals[[#This Row],[ApplicationDate]]) -> 1 | R1194: =IF(Deals[[#This Row],[Status]]="Approved",1,0) -> 1 | S1194: =IF(Deals[[#This Row],[IsApproved]]=1,Deals[[#This Row],[Amount]],0) -> 7300 | T1194: =Deals[[#This Row],[ApprovedAmount]]*Deals[[#This Row],[ProfitRate]] -> 256.96
A1195: FN-01240 | B1195: 46275 | C1195: C0358 | D1195: Jahra | E1195: Home Ijara | F1195: Mobile App | G1195: 168200 | H1195: 0.0355 | I1195: 120 | J1195: OFF-JAH-1 | K1195: Approved | L1195: 46298 | M1195: =_xlfn.XLOOKUP(Deals[[#This Row],[CustomerID]],Customers!A:A,Customers!F:F) -> Mass | N1195: =_xlfn.XLOOKUP(Deals[[#This Row],[CustomerID]],Customers!A:A,Customers!E:E) -> Non-Kuwaiti | O1195: =2026-_xlfn.XLOOKUP(Deals[[#This Row],[CustomerID]],Customers!A:A,Customers!D:D) -> 51 | P1195: {=_xlfn.IFS(Deals[[#This Row],[Age]]<30,"Under 30",Deals[[#This Row],[Age]]<45,"30-44",TRUE,"45+")} -> 45+ | Q1195: =IF(Deals[[#This Row],[Status]]="Pending","",Deals[[#This Row],[DecisionDate]]-Deals[[#This Row],[ApplicationDate]]) -> 23 | R1195: =IF(Deals[[#This Row],[Status]]="Approved",1,0) -> 1 | S1195: =IF(Deals[[#This Row],[IsApproved]]=1,Deals[[#This Row],[Amount]],0) -> 168200 | T1195: =Deals[[#This Row],[ApprovedAmount]]*Deals[[#This Row],[ProfitRate]] -> 5971.1
A1196: FN-01255 | B1196: 46275 | C1196: C0656 | D1196: Hawally | E1196: SME Murabaha | F1196: Mobile App | G1196: 20400 | H1196: 0.0686 | I1196: 60 | J1196: OFF-HAW-3 | K1196: Approved | L1196: 46286 | M1196: =_xlfn.XLOOKUP(Deals[[#This Row],[CustomerID]],Customers!A:A,Customers!F:F) -> Mass | N1196: =_xlfn.XLOOKUP(Deals[[#This Row],[CustomerID]],Customers!A:A,Customers!E:E) -> Kuwaiti | O1196: =2026-_xlfn.XLOOKUP(Deals[[#This Row],[CustomerID]],Customers!A:A,Customers!D:D) -> 25 | P1196: {=_xlfn.IFS(Deals[[#This Row],[Age]]<30,"Under 30",Deals[[#This Row],[Age]]<45,"30-44",TRUE,"45+")} -> Under 30 | Q1196: =IF(Deals[[#This Row],[Status]]="Pending","",Deals[[#This Row],[DecisionDate]]-Deals[[#This Row],[ApplicationDate]]) -> 11 | R1196: =IF(Deals[[#This Row],[Status]]="Approved",1,0) -> 1 | S1196: =IF(Deals[[#This Row],[IsApproved]]=1,Deals[[#This Row],[Amount]],0) -> 20400 | T1196: =Deals[[#This Row],[ApprovedAmount]]*Deals[[#This Row],[ProfitRate]] -> 1399.44
A1197: FN-01182 | B1197: 46276 | C1197: C0947 | D1197: Hawally | E1197: SME Murabaha | F1197: Mobile App | G1197: 65000 | H1197: 0.0773 | I1197: 60 | J1197: OFF-HAW-1 | K1197: Approved | L1197: 46286 | M1197: =_xlfn.XLOOKUP(Deals[[#This Row],[CustomerID]],Customers!A:A,Customers!F:F) -> Affluent | N1197: =_xlfn.XLOOKUP(Deals[[#This Row],[CustomerID]],Customers!A:A,Customers!E:E) -> Kuwaiti | O1197: =2026-_xlfn.XLOOKUP(Deals[[#This Row],[CustomerID]],Customers!A:A,Customers!D:D) -> 29 | P1197: {=_xlfn.IFS(Deals[[#This Row],[Age]]<30,"Under 30",Deals[[#This Row],[Age]]<45,"30-44",TRUE,"45+")} -> Under 30 | Q1197: =IF(Deals[[#This Row],[Status]]="Pending","",Deals[[#This Row],[DecisionDate]]-Deals[[#This Row],[ApplicationDate]]) -> 10 | R1197: =IF(Deals[[#This Row],[Status]]="Approved",1,0) -> 1 | S1197: =IF(Deals[[#This Row],[IsApproved]]=1,Deals[[#This Row],[Amount]],0) -> 65000 | T1197: =Deals[[#This Row],[ApprovedAmount]]*Deals[[#This Row],[ProfitRate]] -> 5024.5
A1198: FN-01206 | B1198: 46276 | C1198: C0018 | D1198: Salmiya | E1198: Personal Tawarruq | F1198: Branch | G1198: 14000 | H1198: 0.0551 | I1198: 60 | J1198: OFF-SAL-1 | K1198: Approved | L1198: 46277 | M1198: =_xlfn.XLOOKUP(Deals[[#This Row],[CustomerID]],Customers!A:A,Customers!F:F) -> Mass | N1198: =_xlfn.XLOOKUP(Deals[[#This Row],[CustomerID]],Customers!A:A,Customers!E:E) -> Kuwaiti | O1198: =2026-_xlfn.XLOOKUP(Deals[[#This Row],[CustomerID]],Customers!A:A,Customers!D:D) -> 54 | P1198: {=_xlfn.IFS(Deals[[#This Row],[Age]]<30,"Under 30",Deals[[#This Row],[Age]]<45,"30-44",TRUE,"45+")} -> 45+ | Q1198: =IF(Deals[[#This Row],[Status]]="Pending","",Deals[[#This Row],[DecisionDate]]-Deals[[#This Row],[ApplicationDate]]) -> 1 | R1198: =IF(Deals[[#This Row],[Status]]="Approved",1,0) -> 1 | S1198: =IF(Deals[[#This Row],[IsApproved]]=1,Deals[[#This Row],[Amount]],0) -> 14000 | T1198: =Deals[[#This Row],[ApprovedAmount]]*Deals[[#This Row],[ProfitRate]] -> 771.4
A1199: FN-01243 | B1199: 46276 | C1199: C0528 | D1199: Farwaniya | E1199: Home Ijara | F1199: Online | G1199: 186400 | H1199: 0.0409 | I1199: 180 | J1199: OFF-FAR-3 | K1199: Rejected | L1199: 46297 | M1199: =_xlfn.XLOOKUP(Deals[[#This Row],[CustomerID]],Customers!A:A,Customers!F:F) -> Mass | N1199: =_xlfn.XLOOKUP(Deals[[#This Row],[CustomerID]],Customers!A:A,Customers!E:E) -> Non-Kuwaiti | O1199: =2026-_xlfn.XLOOKUP(Deals[[#This Row],[CustomerID]],Customers!A:A,Customers!D:D) -> 30 | P1199: {=_xlfn.IFS(Deals[[#This Row],[Age]]<30,"Under 30",Deals[[#This Row],[Age]]<45,"30-44",TRUE,"45+")} -> 30-44 | Q1199: =IF(Deals[[#This Row],[Status]]="Pending","",Deals[[#This Row],[DecisionDate]]-Deals[[#This Row],[ApplicationDate]]) -> 21 | R1199: =IF(Deals[[#This Row],[Status]]="Approved",1,0) -> 0 | S1199: =IF(Deals[[#This Row],[IsApproved]]=1,Deals[[#This Row],[Amount]],0) -> 0 | T1199: =Deals[[#This Row],[ApprovedAmount]]*Deals[[#This Row],[ProfitRate]] -> 0
A1200: FN-01285 | B1200: 46276 | C1200: C0030 | D1200: Jahra | E1200: Auto Murabaha | F1200: Branch | G1200: 6100 | H1200: 0.0481 | I1200: 36 | J1200: OFF-JAH-1 | K1200: Rejected | L1200: 46285 | M1200: =_xlfn.XLOOKUP(Deals[[#This Row],[CustomerID]],Customers!A:A,Customers!F:F) -> Mass | N1200: =_xlfn.XLOOKUP(Deals[[#This Row],[CustomerID]],Customers!A:A,Customers!E:E) -> Non-Kuwaiti | O1200: =2026-_xlfn.XLOOKUP(Deals[[#This Row],[CustomerID]],Customers!A:A,Customers!D:D) -> 38 | P1200: {=_xlfn.IFS(Deals[[#This Row],[Age]]<30,"Under 30",Deals[[#This Row],[Age]]<45,"30-44",TRUE,"45+")} -> 30-44 | Q1200: =IF(Deals[[#This Row],[Status]]="Pending","",Deals[[#This Row],[DecisionDate]]-Deals[[#This Row],[ApplicationDate]]) -> 9 | R1200: =IF(Deals[[#This Row],[Status]]="Approved",1,0) -> 0 | S1200: =IF(Deals[[#This Row],[IsApproved]]=1,Deals[[#This Row],[Amount]],0) -> 0 | T1200: =Deals[[#This Row],[ApprovedAmount]]*Deals[[#This Row],[ProfitRate]] -> 0
A1201: FN-01286 | B1201: 46276 | C1201: C0554 | D1201: Jahra | E1201: Personal Tawarruq | F1201: Online | G1201: 10300 | H1201: 0.063 | I1201: 48 | J1201: OFF-JAH-3 | K1201: Rejected | L1201: 46285 | M1201: =_xlfn.XLOOKUP(Deals[[#This Row],[CustomerID]],Customers!A:A,Customers!F:F) -> Mass | N1201: =_xlfn.XLOOKUP(Deals[[#This Row],[CustomerID]],Customers!A:A,Customers!E:E) -> Kuwaiti | O1201: =2026-_xlfn.XLOOKUP(Deals[[#This Row],[CustomerID]],Customers!A:A,Customers!D:D) -> 23 | P1201: {=_xlfn.IFS(Deals[[#This Row],[Age]]<30,"Under 30",Deals[[#This Row],[Age]]<45,"30-44",TRUE,"45+")} -> Under 30 | Q1201: =IF(Deals[[#This Row],[Status]]="Pending","",Deals[[#This Row],[DecisionDate]]-Deals[[#This Row],[ApplicationDate]]) -> 9 | R1201: =IF(Deals[[#This Row],[Status]]="Approved",1,0) -> 0 | S1201: =IF(Deals[[#This Row],[IsApproved]]=1,Deals[[#This Row],[Amount]],0) -> 0 | T1201: =Deals[[#This Row],[ApprovedAmount]]*Deals[[#This Row],[ProfitRate]] -> 0
A1202: FN-01178 | B1202: 46277 | C1202: C0063 | D1202: Hawally | E1202: Auto Murabaha | F1202: Online | G1202: 13600 | H1202: 0.0437 | I1202: 36 | J1202: OFF-HAW-3 | K1202: Approved | L1202: 46280 | M1202: =_xlfn.XLOOKUP(Deals[[#This Row],[CustomerID]],Customers!A:A,Customers!F:F) -> Mass | N1202: =_xlfn.XLOOKUP(Deals[[#This Row],[CustomerID]],Customers!A:A,Customers!E:E) -> Kuwaiti | O1202: =2026-_xlfn.XLOOKUP(Deals[[#This Row],[CustomerID]],Customers!A:A,Customers!D:D) -> 55 | P1202: {=_xlfn.IFS(Deals[[#This Row],[Age]]<30,"Under 30",Deals[[#This Row],[Age]]<45,"30-44",TRUE,"45+")} -> 45+ | Q1202: =IF(Deals[[#This Row],[Status]]="Pending","",Deals[[#This Row],[DecisionDate]]-Deals[[#This Row],[ApplicationDate]]) -> 3 | R1202: =IF(Deals[[#This Row],[Status]]="Approved",1,0) -> 1 | S1202: =IF(Deals[[#This Row],[IsApproved]]=1,Deals[[#This Row],[Amount]],0) -> 13600 | T1202: =Deals[[#This Row],[ApprovedAmount]]*Deals[[#This Row],[ProfitRate]] -> 594.32
A1203: FN-01204 | B1203: 46277 | C1203: C0110 | D1203: Kuwait City | E1203: Auto Murabaha | F1203: Online | G1203: 5600 | H1203: 0.0394 | I1203: 60 | J1203: OFF-KUW-2 | K1203: Approved | L1203: 46280 | M1203: =_xlfn.XLOOKUP(Deals[[#This Row],[CustomerID]],Customers!A:A,Customers!F:F) -> Affluent | N1203: =_xlfn.XLOOKUP(Deals[[#This Row],[CustomerID]],Customers!A:A,Customers!E:E) -> Kuwaiti | O1203: =2026-_xlfn.XLOOKUP(Deals[[#This Row],[CustomerID]],Customers!A:A,Customers!D:D) -> 56 | P1203: {=_xlfn.IFS(Deals[[#This Row],[Age]]<30,"Under 30",Deals[[#This Row],[Age]]<45,"30-44",TRUE,"45+")} -> 45+ | Q1203: =IF(Deals[[#This Row],[Status]]="Pending","",Deals[[#This Row],[DecisionDate]]-Deals[[#This Row],[ApplicationDate]]) -> 3 | R1203: =IF(Deals[[#This Row],[Status]]="Approved",1,0) -> 1 | S1203: =IF(Deals[[#This Row],[IsApproved]]=1,Deals[[#This Row],[Amount]],0) -> 5600 | T1203: =Deals[[#This Row],[ApprovedAmount]]*Deals[[#This Row],[ProfitRate]] -> 220.64
A1204: FN-01284 | B1204: 46277 | C1204: C0005 | D1204: Salmiya | E1204: SME Murabaha | F1204: Mobile App | G1204: 128600 | H1204: 0.056 | I1204: 84 | J1204: OFF-SAL-3 | K1204: Rejected | L1204: 46294 | M1204: =_xlfn.XLOOKUP(Deals[[#This Row],[CustomerID]],Customers!A:A,Customers!F:F) -> Mass | N1204: =_xlfn.XLOOKUP(Deals[[#This Row],[CustomerID]],Customers!A:A,Customers!E:E) -> Kuwaiti | O1204: =2026-_xlfn.XLOOKUP(Deals[[#This Row],[CustomerID]],Customers!A:A,Customers!D:D) -> 42 | P1204: {=_xlfn.IFS(Deals[[#This Row],[Age]]<30,"Under 30",Deals[[#This Row],[Age]]<45,"30-44",TRUE,"45+")} -> 30-44 | Q1204: =IF(Deals[[#This Row],[Status]]="Pending","",Deals[[#This Row],[DecisionDate]]-Deals[[#This Row],[ApplicationDate]]) -> 17 | R1204: =IF(Deals[[#This Row],[Status]]="Approved",1,0) -> 0 | S1204: =IF(Deals[[#This Row],[IsApproved]]=1,Deals[[#This Row],[Amount]],0) -> 0 | T1204: =Deals[[#This Row],[ApprovedAmount]]*Deals[[#This Row],[ProfitRate]] -> 0
A1205: FN-01159 | B1205: 46278 | C1205: C0847 | D1205: Farwaniya | E1205: Personal Tawarruq | F1205: Branch | G1205: 14100 | H1205: 0.0621 | I1205: 60 | J1205: OFF-FAR-2 | K1205: Pending | M1205: =_xlfn.XLOOKUP(Deals[[#This Row],[CustomerID]],Customers!A:A,Customers!F:F) -> Affluent | N1205: =_xlfn.XLOOKUP(Deals[[#This Row],[CustomerID]],Customers!A:A,Customers!E:E) -> Kuwaiti | O1205: =2026-_xlfn.XLOOKUP(Deals[[#This Row],[CustomerID]],Customers!A:A,Customers!D:D) -> 63 | P1205: {=_xlfn.IFS(Deals[[#This Row],[Age]]<30,"Under 30",Deals[[#This Row],[Age]]<45,"30-44",TRUE,"45+")} -> 45+ | Q1205: =IF(Deals[[#This Row],[Status]]="Pending","",Deals[[#This Row],[DecisionDate]]-Deals[[#This Row],[ApplicationDate]]) | R1205: =IF(Deals[[#This Row],[Status]]="Approved",1,0) -> 0 | S1205: =IF(Deals[[#This Row],[IsApproved]]=1,Deals[[#This Row],[Amount]],0) -> 0 | T1205: =Deals[[#This Row],[ApprovedAmount]]*Deals[[#This Row],[ProfitRate]] -> 0
A1206: FN-01173 | B1206: 46278 | C1206: C0756 | D1206: Salmiya | E1206: Auto Murabaha | F1206: Mobile App | G1206: 9500 | H1206: 0.0489 | I1206: 60 | J1206: OFF-SAL-1 | K1206: Approved | L1206: 46279 | M1206: =_xlfn.XLOOKUP(Deals[[#This Row],[CustomerID]],Customers!A:A,Customers!F:F) -> Mass | N1206: =_xlfn.XLOOKUP(Deals[[#This Row],[CustomerID]],Customers!A:A,Customers!E:E) -> Kuwaiti | O1206: =2026-_xlfn.XLOOKUP(Deals[[#This Row],[CustomerID]],Customers!A:A,Customers!D:D) -> 24 | P1206: {=_xlfn.IFS(Deals[[#This Row],[Age]]<30,"Under 30",Deals[[#This Row],[Age]]<45,"30-44",TRUE,"45+")} -> Under 30 | Q1206: =IF(Deals[[#This Row],[Status]]="Pending","",Deals[[#This Row],[DecisionDate]]-Deals[[#This Row],[ApplicationDate]]) -> 1 | R1206: =IF(Deals[[#This Row],[Status]]="Approved",1,0) -> 1 | S1206: =IF(Deals[[#This Row],[IsApproved]]=1,Deals[[#This Row],[Amount]],0) -> 9500 | T1206: =Deals[[#This Row],[ApprovedAmount]]*Deals[[#This Row],[ProfitRate]] -> 464.55
A1207: FN-01175 | B1207: 46278 | C1207: C0237 | D1207: Jahra | E1207: SME Murabaha | F1207: Online | G1207: 134500 | H1207: 0.0792 | I1207: 24 | J1207: OFF-JAH-2 | K1207: Rejected | L1207: 46300 | M1207: =_xlfn.XLOOKUP(Deals[[#This Row],[CustomerID]],Customers!A:A,Customers!F:F) -> Affluent | N1207: =_xlfn.XLOOKUP(Deals[[#This Row],[CustomerID]],Customers!A:A,Customers!E:E) -> Non-Kuwaiti | O1207: =2026-_xlfn.XLOOKUP(Deals[[#This Row],[CustomerID]],Customers!A:A,Customers!D:D) -> 39 | P1207: {=_xlfn.IFS(Deals[[#This Row],[Age]]<30,"Under 30",Deals[[#This Row],[Age]]<45,"30-44",TRUE,"45+")} -> 30-44 | Q1207: =IF(Deals[[#This Row],[Status]]="Pending","",Deals[[#This Row],[DecisionDate]]-Deals[[#This Row],[ApplicationDate]]) -> 22 | R1207: =IF(Deals[[#This Row],[Status]]="Approved",1,0) -> 0 | S1207: =IF(Deals[[#This Row],[IsApproved]]=1,Deals[[#This Row],[Amount]],0) -> 0 | T1207: =Deals[[#This Row],[ApprovedAmount]]*Deals[[#This Row],[ProfitRate]] -> 0
A1208: FN-01187 | B1208: 46278 | C1208: C0576 | D1208: Farwaniya | E1208: Home Ijara | F1208: Mobile App | G1208: 85700 | H1208: 0.0408 | I1208: 120 | J1208: OFF-FAR-2 | K1208: Rejected | L1208: 46293 | M1208: =_xlfn.XLOOKUP(Deals[[#This Row],[CustomerID]],Customers!A:A,Customers!F:F) -> Affluent | N1208: =_xlfn.XLOOKUP(Deals[[#This Row],[CustomerID]],Customers!A:A,Customers!E:E) -> Kuwaiti | O1208: =2026-_xlfn.XLOOKUP(Deals[[#This Row],[CustomerID]],Customers!A:A,Customers!D:D) -> 47 | P1208: {=_xlfn.IFS(Deals[[#This Row],[Age]]<30,"Under 30",Deals[[#This Row],[Age]]<45,"30-44",TRUE,"45+")} -> 45+ | Q1208: =IF(Deals[[#This Row],[Status]]="Pending","",Deals[[#This Row],[DecisionDate]]-Deals[[#This Row],[ApplicationDate]]) -> 15 | R1208: =IF(Deals[[#This Row],[Status]]="Approved",1,0) -> 0 | S1208: =IF(Deals[[#This Row],[IsApproved]]=1,Deals[[#This Row],[Amount]],0) -> 0 | T1208: =Deals[[#This Row],[ApprovedAmount]]*Deals[[#This Row],[ProfitRate]] -> 0
A1209: FN-01221 | B1209: 46278 | C1209: C0374 | D1209: Salmiya | E1209: Personal Tawarruq | F1209: Mobile App | G1209: 8400 | H1209: 0.058 | I1209: 60 | J1209: OFF-SAL-2 | K1209: Pending | M1209: =_xlfn.XLOOKUP(Deals[[#This Row],[CustomerID]],Customers!A:A,Customers!F:F) -> Mass | N1209: =_xlfn.XLOOKUP(Deals[[#This Row],[CustomerID]],Customers!A:A,Customers!E:E) -> Non-Kuwaiti | O1209: =2026-_xlfn.XLOOKUP(Deals[[#This Row],[CustomerID]],Customers!A:A,Customers!D:D) -> 34 | P1209: {=_xlfn.IFS(Deals[[#This Row],[Age]]<30,"Under 30",Deals[[#This Row],[Age]]<45,"30-44",TRUE,"45+")} -> 30-44 | Q1209: =IF(Deals[[#This Row],[Status]]="Pending","",Deals[[#This Row],[DecisionDate]]-Deals[[#This Row],[ApplicationDate]]) | R1209: =IF(Deals[[#This Row],[Status]]="Approved",1,0) -> 0 | S1209: =IF(Deals[[#This Row],[IsApproved]]=1,Deals[[#This Row],[Amount]],0) -> 0 | T1209: =Deals[[#This Row],[ApprovedAmount]]*Deals[[#This Row],[ProfitRate]] -> 0
A1210: FN-01236 | B1210: 46278 | C1210: C0190 | D1210: Kuwait City | E1210: Personal Tawarruq | F1210: Mobile App | G1210: 9300 | H1210: 0.0564 | I1210: 48 | J1210: OFF-KUW-2 | K1210: Rejected | L1210: 46281 | M1210: =_xlfn.XLOOKUP(Deals[[#This Row],[CustomerID]],Customers!A:A,Customers!F:F) -> Mass | N1210: =_xlfn.XLOOKUP(Deals[[#This Row],[CustomerID]],Customers!A:A,Customers!E:E) -> Non-Kuwaiti | O1210: =2026-_xlfn.XLOOKUP(Deals[[#This Row],[CustomerID]],Customers!A:A,Customers!D:D) -> 24 | P1210: {=_xlfn.IFS(Deals[[#This Row],[Age]]<30,"Under 30",Deals[[#This Row],[Age]]<45,"30-44",TRUE,"45+")} -> Under 30 | Q1210: =IF(Deals[[#This Row],[Status]]="Pending","",Deals[[#This Row],[DecisionDate]]-Deals[[#This Row],[ApplicationDate]]) -> 3 | R1210: =IF(Deals[[#This Row],[Status]]="Approved",1,0) -> 0 | S1210: =IF(Deals[[#This Row],[IsApproved]]=1,Deals[[#This Row],[Amount]],0) -> 0 | T1210: =Deals[[#This Row],[ApprovedAmount]]*Deals[[#This Row],[ProfitRate]] -> 0
A1211: FN-01244 | B1211: 46278 | C1211: C0246 | D1211: Ahmadi | E1211: Personal Tawarruq | F1211: Branch | G1211: 25000 | H1211: 0.0522 | I1211: 36 | J1211: OFF-AHM-3 | K1211: Approved | L1211: 46281 | M1211: =_xlfn.XLOOKUP(Deals[[#This Row],[CustomerID]],Customers!A:A,Customers!F:F) -> Premium | N1211: =_xlfn.XLOOKUP(Deals[[#This Row],[CustomerID]],Customers!A:A,Customers!E:E) -> Non-Kuwaiti | O1211: =2026-_xlfn.XLOOKUP(Deals[[#This Row],[CustomerID]],Customers!A:A,Customers!D:D) -> 64 | P1211: {=_xlfn.IFS(Deals[[#This Row],[Age]]<30,"Under 30",Deals[[#This Row],[Age]]<45,"30-44",TRUE,"45+")} -> 45+ | Q1211: =IF(Deals[[#This Row],[Status]]="Pending","",Deals[[#This Row],[DecisionDate]]-Deals[[#This Row],[ApplicationDate]]) -> 3 | R1211: =IF(Deals[[#This Row],[Status]]="Approved",1,0) -> 1 | S1211: =IF(Deals[[#This Row],[IsApproved]]=1,Deals[[#This Row],[Amount]],0) -> 25000 | T1211: =Deals[[#This Row],[ApprovedAmount]]*Deals[[#This Row],[ProfitRate]] -> 1305
A1212: FN-01264 | B1212: 46278 | C1212: C0693 | D1212: Hawally | E1212: Personal Tawarruq | F1212: Branch | G1212: 18000 | H1212: 0.0564 | I1212: 12 | J1212: OFF-HAW-3 | K1212: Pending | M1212: =_xlfn.XLOOKUP(Deals[[#This Row],[CustomerID]],Customers!A:A,Customers!F:F) -> Mass | N1212: =_xlfn.XLOOKUP(Deals[[#This Row],[CustomerID]],Customers!A:A,Customers!E:E) -> Kuwaiti | O1212: =2026-_xlfn.XLOOKUP(Deals[[#This Row],[CustomerID]],Customers!A:A,Customers!D:D) -> 51 | P1212: {=_xlfn.IFS(Deals[[#This Row],[Age]]<30,"Under 30",Deals[[#This Row],[Age]]<45,"30-44",TRUE,"45+")} -> 45+ | Q1212: =IF(Deals[[#This Row],[Status]]="Pending","",Deals[[#This Row],[DecisionDate]]-Deals[[#This Row],[ApplicationDate]]) | R1212: =IF(Deals[[#This Row],[Status]]="Approved",1,0) -> 0 | S1212: =IF(Deals[[#This Row],[IsApproved]]=1,Deals[[#This Row],[Amount]],0) -> 0 | T1212: =Deals[[#This Row],[ApprovedAmount]]*Deals[[#This Row],[ProfitRate]] -> 0
A1213: FN-01278 | B1213: 46278 | C1213: C0475 | D1213: Hawally | E1213: SME Murabaha | F1213: Mobile App | G1213: 87600 | H1213: 0.0709 | I1213: 24 | J1213: OFF-HAW-2 | K1213: Approved | L1213: 46295 | M1213: =_xlfn.XLOOKUP(Deals[[#This Row],[CustomerID]],Customers!A:A,Customers!F:F) -> Mass | N1213: =_xlfn.XLOOKUP(Deals[[#This Row],[CustomerID]],Customers!A:A,Customers!E:E) -> Kuwaiti | O1213: =2026-_xlfn.XLOOKUP(Deals[[#This Row],[CustomerID]],Customers!A:A,Customers!D:D) -> 63 | P1213: {=_xlfn.IFS(Deals[[#This Row],[Age]]<30,"Under 30",Deals[[#This Row],[Age]]<45,"30-44",TRUE,"45+")} -> 45+ | Q1213: =IF(Deals[[#This Row],[Status]]="Pending","",Deals[[#This Row],[DecisionDate]]-Deals[[#This Row],[ApplicationDate]]) -> 17 | R1213: =IF(Deals[[#This Row],[Status]]="Approved",1,0) -> 1 | S1213: =IF(Deals[[#This Row],[IsApproved]]=1,Deals[[#This Row],[Amount]],0) -> 87600 | T1213: =Deals[[#This Row],[ApprovedAmount]]*Deals[[#This Row],[ProfitRate]] -> 6210.84
A1214: FN-01164 | B1214: 46279 | C1214: C0082 | D1214: Farwaniya | E1214: Personal Tawarruq | F1214: Branch | G1214: 9000 | H1214: 0.0661 | I1214: 60 | J1214: OFF-FAR-2 | K1214: Approved | L1214: 46282 | M1214: =_xlfn.XLOOKUP(Deals[[#This Row],[CustomerID]],Customers!A:A,Customers!F:F) -> Mass | N1214: =_xlfn.XLOOKUP(Deals[[#This Row],[CustomerID]],Customers!A:A,Customers!E:E) -> Kuwaiti | O1214: =2026-_xlfn.XLOOKUP(Deals[[#This Row],[CustomerID]],Customers!A:A,Customers!D:D) -> 64 | P1214: {=_xlfn.IFS(Deals[[#This Row],[Age]]<30,"Under 30",Deals[[#This Row],[Age]]<45,"30-44",TRUE,"45+")} -> 45+ | Q1214: =IF(Deals[[#This Row],[Status]]="Pending","",Deals[[#This Row],[DecisionDate]]-Deals[[#This Row],[ApplicationDate]]) -> 3 | R1214: =IF(Deals[[#This Row],[Status]]="Approved",1,0) -> 1 | S1214: =IF(Deals[[#This Row],[IsApproved]]=1,Deals[[#This Row],[Amount]],0) -> 9000 | T1214: =Deals[[#This Row],[ApprovedAmount]]*Deals[[#This Row],[ProfitRate]] -> 594.9
A1215: FN-01169 | B1215: 46279 | C1215: C0655 | D1215: Jahra | E1215: Personal Tawarruq | F1215: Mobile App | G1215: 25000 | H1215: 0.0634 | I1215: 60 | J1215: OFF-JAH-1 | K1215: Rejected | L1215: 46286 | M1215: =_xlfn.XLOOKUP(Deals[[#This Row],[CustomerID]],Customers!A:A,Customers!F:F) -> Affluent | N1215: =_xlfn.XLOOKUP(Deals[[#This Row],[CustomerID]],Customers!A:A,Customers!E:E) -> Non-Kuwaiti | O1215: =2026-_xlfn.XLOOKUP(Deals[[#This Row],[CustomerID]],Customers!A:A,Customers!D:D) -> 29 | P1215: {=_xlfn.IFS(Deals[[#This Row],[Age]]<30,"Under 30",Deals[[#This Row],[Age]]<45,"30-44",TRUE,"45+")} -> Under 30 | Q1215: =IF(Deals[[#This Row],[Status]]="Pending","",Deals[[#This Row],[DecisionDate]]-Deals[[#This Row],[ApplicationDate]]) -> 7 | R1215: =IF(Deals[[#This Row],[Status]]="Approved",1,0) -> 0 | S1215: =IF(Deals[[#This Row],[IsApproved]]=1,Deals[[#This Row],[Amount]],0) -> 0 | T1215: =Deals[[#This Row],[ApprovedAmount]]*Deals[[#This Row],[ProfitRate]] -> 0
A1216: FN-01185 | B1216: 46279 | C1216: C0228 | D1216: Kuwait City | E1216: Home Ijara | F1216: Branch | G1216: 164800 | H1216: 0.0398 | I1216: 300 | J1216: OFF-KUW-1 | K1216: Approved | L1216: 46306 | M1216: =_xlfn.XLOOKUP(Deals[[#This Row],[CustomerID]],Customers!A:A,Customers!F:F) -> Affluent | N1216: =_xlfn.XLOOKUP(Deals[[#This Row],[CustomerID]],Customers!A:A,Customers!E:E) -> Kuwaiti | O1216: =2026-_xlfn.XLOOKUP(Deals[[#This Row],[CustomerID]],Customers!A:A,Customers!D:D) -> 41 | P1216: {=_xlfn.IFS(Deals[[#This Row],[Age]]<30,"Under 30",Deals[[#This Row],[Age]]<45,"30-44",TRUE,"45+")} -> 30-44 | Q1216: =IF(Deals[[#This Row],[Status]]="Pending","",Deals[[#This Row],[DecisionDate]]-Deals[[#This Row],[ApplicationDate]]) -> 27 | R1216: =IF(Deals[[#This Row],[Status]]="Approved",1,0) -> 1 | S1216: =IF(Deals[[#This Row],[IsApproved]]=1,Deals[[#This Row],[Amount]],0) -> 164800 | T1216: =Deals[[#This Row],[ApprovedAmount]]*Deals[[#This Row],[ProfitRate]] -> 6559.04
A1217: FN-01191 | B1217: 46279 | C1217: C0273 | D1217: Farwaniya | E1217: Personal Tawarruq | F1217: Branch | G1217: 15300 | H1217: 0.0685 | I1217: 36 | J1217: OFF-FAR-3 | K1217: Rejected | L1217: 46281 | M1217: =_xlfn.XLOOKUP(Deals[[#This Row],[CustomerID]],Customers!A:A,Customers!F:F) -> Mass | N1217: =_xlfn.XLOOKUP(Deals[[#This Row],[CustomerID]],Customers!A:A,Customers!E:E) -> Kuwaiti | O1217: =2026-_xlfn.XLOOKUP(Deals[[#This Row],[CustomerID]],Customers!A:A,Customers!D:D) -> 40 | P1217: {=_xlfn.IFS(Deals[[#This Row],[Age]]<30,"Under 30",Deals[[#This Row],[Age]]<45,"30-44",TRUE,"45+")} -> 30-44 | Q1217: =IF(Deals[[#This Row],[Status]]="Pending","",Deals[[#This Row],[DecisionDate]]-Deals[[#This Row],[ApplicationDate]]) -> 2 | R1217: =IF(Deals[[#This Row],[Status]]="Approved",1,0) -> 0 | S1217: =IF(Deals[[#This Row],[IsApproved]]=1,Deals[[#This Row],[Amount]],0) -> 0 | T1217: =Deals[[#This Row],[ApprovedAmount]]*Deals[[#This Row],[ProfitRate]] -> 0
A1218: FN-01212 | B1218: 46279 | C1218: C0805 | D1218: Jahra | E1218: Home Ijara | F1218: Branch | G1218: 97200 | H1218: 0.0375 | I1218: 180 | J1218: OFF-JAH-2 | K1218: Rejected | L1218: 46299 | M1218: =_xlfn.XLOOKUP(Deals[[#This Row],[CustomerID]],Customers!A:A,Customers!F:F) -> Mass | N1218: =_xlfn.XLOOKUP(Deals[[#This Row],[CustomerID]],Customers!A:A,Customers!E:E) -> Kuwaiti | O1218: =2026-_xlfn.XLOOKUP(Deals[[#This Row],[CustomerID]],Customers!A:A,Customers!D:D) -> 26 | P1218: {=_xlfn.IFS(Deals[[#This Row],[Age]]<30,"Under 30",Deals[[#This Row],[Age]]<45,"30-44",TRUE,"45+")} -> Under 30 | Q1218: =IF(Deals[[#This Row],[Status]]="Pending","",Deals[[#This Row],[DecisionDate]]-Deals[[#This Row],[ApplicationDate]]) -> 20 | R1218: =IF(Deals[[#This Row],[Status]]="Approved",1,0) -> 0 | S1218: =IF(Deals[[#This Row],[IsApproved]]=1,Deals[[#This Row],[Amount]],0) -> 0 | T1218: =Deals[[#This Row],[ApprovedAmount]]*Deals[[#This Row],[ProfitRate]] -> 0
A1219: FN-01247 | B1219: 46279 | C1219: C0002 | D1219: Jahra | E1219: Auto Murabaha | F1219: Mobile App | G1219: 13700 | H1219: 0.0458 | I1219: 60 | J1219: OFF-JAH-2 | K1219: Approved | L1219: 46283 | M1219: =_xlfn.XLOOKUP(Deals[[#This Row],[CustomerID]],Customers!A:A,Customers!F:F) -> Mass | N1219: =_xlfn.XLOOKUP(Deals[[#This Row],[CustomerID]],Customers!A:A,Customers!E:E) -> Kuwaiti | O1219: =2026-_xlfn.XLOOKUP(Deals[[#This Row],[CustomerID]],Customers!A:A,Customers!D:D) -> 51 | P1219: {=_xlfn.IFS(Deals[[#This Row],[Age]]<30,"Under 30",Deals[[#This Row],[Age]]<45,"30-44",TRUE,"45+")} -> 45+ | Q1219: =IF(Deals[[#This Row],[Status]]="Pending","",Deals[[#This Row],[DecisionDate]]-Deals[[#This Row],[ApplicationDate]]) -> 4 | R1219: =IF(Deals[[#This Row],[Status]]="Approved",1,0) -> 1 | S1219: =IF(Deals[[#This Row],[IsApproved]]=1,Deals[[#This Row],[Amount]],0) -> 13700 | T1219: =Deals[[#This Row],[ApprovedAmount]]*Deals[[#This Row],[ProfitRate]] -> 627.46
A1220: FN-01271 | B1220: 46279 | C1220: C0783 | D1220: Hawally | E1220: Auto Murabaha | F1220: Branch | G1220: 21400 | H1220: 0.047 | I1220: 60 | J1220: OFF-HAW-3 | K1220: Approved | L1220: 46283 | M1220: =_xlfn.XLOOKUP(Deals[[#This Row],[CustomerID]],Customers!A:A,Customers!F:F) -> Premium | N1220: =_xlfn.XLOOKUP(Deals[[#This Row],[CustomerID]],Customers!A:A,Customers!E:E) -> Kuwaiti | O1220: =2026-_xlfn.XLOOKUP(Deals[[#This Row],[CustomerID]],Customers!A:A,Customers!D:D) -> 32 | P1220: {=_xlfn.IFS(Deals[[#This Row],[Age]]<30,"Under 30",Deals[[#This Row],[Age]]<45,"30-44",TRUE,"45+")} -> 30-44 | Q1220: =IF(Deals[[#This Row],[Status]]="Pending","",Deals[[#This Row],[DecisionDate]]-Deals[[#This Row],[ApplicationDate]]) -> 4 | R1220: =IF(Deals[[#This Row],[Status]]="Approved",1,0) -> 1 | S1220: =IF(Deals[[#This Row],[IsApproved]]=1,Deals[[#This Row],[Amount]],0) -> 21400 | T1220: =Deals[[#This Row],[ApprovedAmount]]*Deals[[#This Row],[ProfitRate]] -> 1005.8
A1221: FN-01157 | B1221: 46280 | C1221: C0558 | D1221: Ahmadi | E1221: Auto Murabaha | F1221: Branch | G1221: 13300 | H1221: 0.0393 | I1221: 48 | J1221: OFF-AHM-2 | K1221: Pending | M1221: =_xlfn.XLOOKUP(Deals[[#This Row],[CustomerID]],Customers!A:A,Customers!F:F) -> Affluent | N1221: =_xlfn.XLOOKUP(Deals[[#This Row],[CustomerID]],Customers!A:A,Customers!E:E) -> Kuwaiti | O1221: =2026-_xlfn.XLOOKUP(Deals[[#This Row],[CustomerID]],Customers!A:A,Customers!D:D) -> 39 | P1221: {=_xlfn.IFS(Deals[[#This Row],[Age]]<30,"Under 30",Deals[[#This Row],[Age]]<45,"30-44",TRUE,"45+")} -> 30-44 | Q1221: =IF(Deals[[#This Row],[Status]]="Pending","",Deals[[#This Row],[DecisionDate]]-Deals[[#This Row],[ApplicationDate]]) | R1221: =IF(Deals[[#This Row],[Status]]="Approved",1,0) -> 0 | S1221: =IF(Deals[[#This Row],[IsApproved]]=1,Deals[[#This Row],[Amount]],0) -> 0 | T1221: =Deals[[#This Row],[ApprovedAmount]]*Deals[[#This Row],[ProfitRate]] -> 0
A1222: FN-01195 | B1222: 46280 | C1222: C0502 | D1222: Hawally | E1222: Personal Tawarruq | F1222: Branch | G1222: 21000 | H1222: 0.0543 | I1222: 12 | J1222: OFF-HAW-2 | K1222: Pending | M1222: =_xlfn.XLOOKUP(Deals[[#This Row],[CustomerID]],Customers!A:A,Customers!F:F) -> Affluent | N1222: =_xlfn.XLOOKUP(Deals[[#This Row],[CustomerID]],Customers!A:A,Customers!E:E) -> Kuwaiti | O1222: =2026-_xlfn.XLOOKUP(Deals[[#This Row],[CustomerID]],Customers!A:A,Customers!D:D) -> 42 | P1222: {=_xlfn.IFS(Deals[[#This Row],[Age]]<30,"Under 30",Deals[[#This Row],[Age]]<45,"30-44",TRUE,"45+")} -> 30-44 | Q1222: =IF(Deals[[#This Row],[Status]]="Pending","",Deals[[#This Row],[DecisionDate]]-Deals[[#This Row],[ApplicationDate]]) | R1222: =IF(Deals[[#This Row],[Status]]="Approved",1,0) -> 0 | S1222: =IF(Deals[[#This Row],[IsApproved]]=1,Deals[[#This Row],[Amount]],0) -> 0 | T1222: =Deals[[#This Row],[ApprovedAmount]]*Deals[[#This Row],[ProfitRate]] -> 0
A1223: FN-01235 | B1223: 46280 | C1223: C0050 | D1223: Jahra | E1223: Personal Tawarruq | F1223: Branch | G1223: 16600 | H1223: 0.06 | I1223: 24 | J1223: OFF-JAH-2 | K1223: Rejected | L1223: 46287 | M1223: =_xlfn.XLOOKUP(Deals[[#This Row],[CustomerID]],Customers!A:A,Customers!F:F) -> Mass | N1223: =_xlfn.XLOOKUP(Deals[[#This Row],[CustomerID]],Customers!A:A,Customers!E:E) -> Kuwaiti | O1223: =2026-_xlfn.XLOOKUP(Deals[[#This Row],[CustomerID]],Customers!A:A,Customers!D:D) -> 25 | P1223: {=_xlfn.IFS(Deals[[#This Row],[Age]]<30,"Under 30",Deals[[#This Row],[Age]]<45,"30-44",TRUE,"45+")} -> Under 30 | Q1223: =IF(Deals[[#This Row],[Status]]="Pending","",Deals[[#This Row],[DecisionDate]]-Deals[[#This Row],[ApplicationDate]]) -> 7 | R1223: =IF(Deals[[#This Row],[Status]]="Approved",1,0) -> 0 | S1223: =IF(Deals[[#This Row],[IsApproved]]=1,Deals[[#This Row],[Amount]],0) -> 0 | T1223: =Deals[[#This Row],[ApprovedAmount]]*Deals[[#This Row],[ProfitRate]] -> 0
A1224: FN-01288 | B1224: 46280 | C1224: C0641 | D1224: Kuwait City | E1224: Personal Tawarruq | F1224: Branch | G1224: 21000 | H1224: 0.0518 | I1224: 24 | J1224: OFF-KUW-3 | K1224: Pending | M1224: =_xlfn.XLOOKUP(Deals[[#This Row],[CustomerID]],Customers!A:A,Customers!F:F) -> Affluent | N1224: =_xlfn.XLOOKUP(Deals[[#This Row],[CustomerID]],Customers!A:A,Customers!E:E) -> Kuwaiti | O1224: =2026-_xlfn.XLOOKUP(Deals[[#This Row],[CustomerID]],Customers!A:A,Customers!D:D) -> 45 | P1224: {=_xlfn.IFS(Deals[[#This Row],[Age]]<30,"Under 30",Deals[[#This Row],[Age]]<45,"30-44",TRUE,"45+")} -> 45+ | Q1224: =IF(Deals[[#This Row],[Status]]="Pending","",Deals[[#This Row],[DecisionDate]]-Deals[[#This Row],[ApplicationDate]]) | R1224: =IF(Deals[[#This Row],[Status]]="Approved",1,0) -> 0 | S1224: =IF(Deals[[#This Row],[IsApproved]]=1,Deals[[#This Row],[Amount]],0) -> 0 | T1224: =Deals[[#This Row],[ApprovedAmount]]*Deals[[#This Row],[ProfitRate]] -> 0
A1225: FN-01301 | B1225: 46280 | C1225: C0090 | D1225: Salmiya | E1225: SME Murabaha | F1225: Branch | G1225: 82900 | H1225: 0.0718 | I1225: 24 | J1225: OFF-SAL-1 | K1225: Pending | M1225: =_xlfn.XLOOKUP(Deals[[#This Row],[CustomerID]],Customers!A:A,Customers!F:F) -> Mass | N1225: =_xlfn.XLOOKUP(Deals[[#This Row],[CustomerID]],Customers!A:A,Customers!E:E) -> Non-Kuwaiti | O1225: =2026-_xlfn.XLOOKUP(Deals[[#This Row],[CustomerID]],Customers!A:A,Customers!D:D) -> 22 | P1225: {=_xlfn.IFS(Deals[[#This Row],[Age]]<30,"Under 30",Deals[[#This Row],[Age]]<45,"30-44",TRUE,"45+")} -> Under 30 | Q1225: =IF(Deals[[#This Row],[Status]]="Pending","",Deals[[#This Row],[DecisionDate]]-Deals[[#This Row],[ApplicationDate]]) | R1225: =IF(Deals[[#This Row],[Status]]="Approved",1,0) -> 0 | S1225: =IF(Deals[[#This Row],[IsApproved]]=1,Deals[[#This Row],[Amount]],0) -> 0 | T1225: =Deals[[#This Row],[ApprovedAmount]]*Deals[[#This Row],[ProfitRate]] -> 0
A1226: FN-01184 | B1226: 46281 | C1226: C0417 | D1226: Hawally | E1226: Auto Murabaha | F1226: Branch | G1226: 14200 | H1226: 0.0386 | I1226: 60 | J1226: OFF-HAW-1 | K1226: Approved | L1226: 46286 | M1226: =_xlfn.XLOOKUP(Deals[[#This Row],[CustomerID]],Customers!A:A,Customers!F:F) -> Affluent | N1226: =_xlfn.XLOOKUP(Deals[[#This Row],[CustomerID]],Customers!A:A,Customers!E:E) -> Kuwaiti | O1226: =2026-_xlfn.XLOOKUP(Deals[[#This Row],[CustomerID]],Customers!A:A,Customers!D:D) -> 30 | P1226: {=_xlfn.IFS(Deals[[#This Row],[Age]]<30,"Under 30",Deals[[#This Row],[Age]]<45,"30-44",TRUE,"45+")} -> 30-44 | Q1226: =IF(Deals[[#This Row],[Status]]="Pending","",Deals[[#This Row],[DecisionDate]]-Deals[[#This Row],[ApplicationDate]]) -> 5 | R1226: =IF(Deals[[#This Row],[Status]]="Approved",1,0) -> 1 | S1226: =IF(Deals[[#This Row],[IsApproved]]=1,Deals[[#This Row],[Amount]],0) -> 14200 | T1226: =Deals[[#This Row],[ApprovedAmount]]*Deals[[#This Row],[ProfitRate]] -> 548.12
A1227: FN-01202 | B1227: 46281 | C1227: C0461 | D1227: Kuwait City | E1227: Personal Tawarruq | F1227: Branch | G1227: 11600 | H1227: 0.0625 | I1227: 36 | J1227: OFF-KUW-1 | K1227: Pending | M1227: =_xlfn.XLOOKUP(Deals[[#This Row],[CustomerID]],Customers!A:A,Customers!F:F) -> Affluent | N1227: =_xlfn.XLOOKUP(Deals[[#This Row],[CustomerID]],Customers!A:A,Customers!E:E) -> Kuwaiti | O1227: =2026-_xlfn.XLOOKUP(Deals[[#This Row],[CustomerID]],Customers!A:A,Customers!D:D) -> 36 | P1227: {=_xlfn.IFS(Deals[[#This Row],[Age]]<30,"Under 30",Deals[[#This Row],[Age]]<45,"30-44",TRUE,"45+")} -> 30-44 | Q1227: =IF(Deals[[#This Row],[Status]]="Pending","",Deals[[#This Row],[DecisionDate]]-Deals[[#This Row],[ApplicationDate]]) | R1227: =IF(Deals[[#This Row],[Status]]="Approved",1,0) -> 0 | S1227: =IF(Deals[[#This Row],[IsApproved]]=1,Deals[[#This Row],[Amount]],0) -> 0 | T1227: =Deals[[#This Row],[ApprovedAmount]]*Deals[[#This Row],[ProfitRate]] -> 0
A1228: FN-01203 | B1228: 46281 | C1228: C0154 | D1228: Kuwait City | E1228: SME Murabaha | F1228: Branch | G1228: 52800 | H1228: 0.0619 | I1228: 60 | J1228: OFF-KUW-1 | K1228: Pending | M1228: =_xlfn.XLOOKUP(Deals[[#This Row],[CustomerID]],Customers!A:A,Customers!F:F) -> Mass | N1228: =_xlfn.XLOOKUP(Deals[[#This Row],[CustomerID]],Customers!A:A,Customers!E:E) -> Kuwaiti | O1228: =2026-_xlfn.XLOOKUP(Deals[[#This Row],[CustomerID]],Customers!A:A,Customers!D:D) -> 37 | P1228: {=_xlfn.IFS(Deals[[#This Row],[Age]]<30,"Under 30",Deals[[#This Row],[Age]]<45,"30-44",TRUE,"45+")} -> 30-44 | Q1228: =IF(Deals[[#This Row],[Status]]="Pending","",Deals[[#This Row],[DecisionDate]]-Deals[[#This Row],[ApplicationDate]]) | R1228: =IF(Deals[[#This Row],[Status]]="Approved",1,0) -> 0 | S1228: =IF(Deals[[#This Row],[IsApproved]]=1,Deals[[#This Row],[Amount]],0) -> 0 | T1228: =Deals[[#This Row],[ApprovedAmount]]*Deals[[#This Row],[ProfitRate]] -> 0
A1229: FN-01222 | B1229: 46281 | C1229: C0318 | D1229: Hawally | E1229: SME Murabaha | F1229: Branch | G1229: 145500 | H1229: 0.0653 | I1229: 36 | J1229: OFF-HAW-1 | K1229: Pending | M1229: =_xlfn.XLOOKUP(Deals[[#This Row],[CustomerID]],Customers!A:A,Customers!F:F) -> Mass | N1229: =_xlfn.XLOOKUP(Deals[[#This Row],[CustomerID]],Customers!A:A,Customers!E:E) -> Kuwaiti | O1229: =2026-_xlfn.XLOOKUP(Deals[[#This Row],[CustomerID]],Customers!A:A,Customers!D:D) -> 59 | P1229: {=_xlfn.IFS(Deals[[#This Row],[Age]]<30,"Under 30",Deals[[#This Row],[Age]]<45,"30-44",TRUE,"45+")} -> 45+ | Q1229: =IF(Deals[[#This Row],[Status]]="Pending","",Deals[[#This Row],[DecisionDate]]-Deals[[#This Row],[ApplicationDate]]) | R1229: =IF(Deals[[#This Row],[Status]]="Approved",1,0) -> 0 | S1229: =IF(Deals[[#This Row],[IsApproved]]=1,Deals[[#This Row],[Amount]],0) -> 0 | T1229: =Deals[[#This Row],[ApprovedAmount]]*Deals[[#This Row],[ProfitRate]] -> 0
A1230: FN-01242 | B1230: 46281 | C1230: C0511 | D1230: Ahmadi | E1230: Personal Tawarruq | F1230: Branch | G1230: 23900 | H1230: 0.0649 | I1230: 60 | J1230: OFF-AHM-1 | K1230: Pending | M1230: =_xlfn.XLOOKUP(Deals[[#This Row],[CustomerID]],Customers!A:A,Customers!F:F) -> Mass | N1230: =_xlfn.XLOOKUP(Deals[[#This Row],[CustomerID]],Customers!A:A,Customers!E:E) -> Kuwaiti | O1230: =2026-_xlfn.XLOOKUP(Deals[[#This Row],[CustomerID]],Customers!A:A,Customers!D:D) -> 34 | P1230: {=_xlfn.IFS(Deals[[#This Row],[Age]]<30,"Under 30",Deals[[#This Row],[Age]]<45,"30-44",TRUE,"45+")} -> 30-44 | Q1230: =IF(Deals[[#This Row],[Status]]="Pending","",Deals[[#This Row],[DecisionDate]]-Deals[[#This Row],[ApplicationDate]]) | R1230: =IF(Deals[[#This Row],[Status]]="Approved",1,0) -> 0 | S1230: =IF(Deals[[#This Row],[IsApproved]]=1,Deals[[#This Row],[Amount]],0) -> 0 | T1230: =Deals[[#This Row],[ApprovedAmount]]*Deals[[#This Row],[ProfitRate]] -> 0
A1231: FN-01241 | B1231: 46282 | C1231: C0824 | D1231: Jahra | E1231: Personal Tawarruq | F1231: Mobile App | G1231: 22600 | H1231: 0.061 | I1231: 36 | J1231: OFF-JAH-3 | K1231: Pending | M1231: =_xlfn.XLOOKUP(Deals[[#This Row],[CustomerID]],Customers!A:A,Customers!F:F) -> Mass | N1231: =_xlfn.XLOOKUP(Deals[[#This Row],[CustomerID]],Customers!A:A,Customers!E:E) -> Kuwaiti | O1231: =2026-_xlfn.XLOOKUP(Deals[[#This Row],[CustomerID]],Customers!A:A,Customers!D:D) -> 34 | P1231: {=_xlfn.IFS(Deals[[#This Row],[Age]]<30,"Under 30",Deals[[#This Row],[Age]]<45,"30-44",TRUE,"45+")} -> 30-44 | Q1231: =IF(Deals[[#This Row],[Status]]="Pending","",Deals[[#This Row],[DecisionDate]]-Deals[[#This Row],[ApplicationDate]]) | R1231: =IF(Deals[[#This Row],[Status]]="Approved",1,0) -> 0 | S1231: =IF(Deals[[#This Row],[IsApproved]]=1,Deals[[#This Row],[Amount]],0) -> 0 | T1231: =Deals[[#This Row],[ApprovedAmount]]*Deals[[#This Row],[ProfitRate]] -> 0
A1232: FN-01304 | B1232: 46282 | C1232: C0235 | D1232: Ahmadi | E1232: SME Murabaha | F1232: Mobile App | G1232: 53800 | H1232: 0.0605 | I1232: 60 | J1232: OFF-AHM-1 | K1232: Pending | M1232: =_xlfn.XLOOKUP(Deals[[#This Row],[CustomerID]],Customers!A:A,Customers!F:F) -> Mass | N1232: =_xlfn.XLOOKUP(Deals[[#This Row],[CustomerID]],Customers!A:A,Customers!E:E) -> Kuwaiti | O1232: =2026-_xlfn.XLOOKUP(Deals[[#This Row],[CustomerID]],Customers!A:A,Customers!D:D) -> 27 | P1232: {=_xlfn.IFS(Deals[[#This Row],[Age]]<30,"Under 30",Deals[[#This Row],[Age]]<45,"30-44",TRUE,"45+")} -> Under 30 | Q1232: =IF(Deals[[#This Row],[Status]]="Pending","",Deals[[#This Row],[DecisionDate]]-Deals[[#This Row],[ApplicationDate]]) | R1232: =IF(Deals[[#This Row],[Status]]="Approved",1,0) -> 0 | S1232: =IF(Deals[[#This Row],[IsApproved]]=1,Deals[[#This Row],[Amount]],0) -> 0 | T1232: =Deals[[#This Row],[ApprovedAmount]]*Deals[[#This Row],[ProfitRate]] -> 0
A1233: FN-01174 | B1233: 46283 | C1233: C0175 | D1233: Kuwait City | E1233: SME Murabaha | F1233: Branch | G1233: 31800 | H1233: 0.0567 | I1233: 36 | J1233: OFF-KUW-2 | K1233: Approved | L1233: 46301 | M1233: =_xlfn.XLOOKUP(Deals[[#This Row],[CustomerID]],Customers!A:A,Customers!F:F) -> Mass | N1233: =_xlfn.XLOOKUP(Deals[[#This Row],[CustomerID]],Customers!A:A,Customers!E:E) -> Kuwaiti | O1233: =2026-_xlfn.XLOOKUP(Deals[[#This Row],[CustomerID]],Customers!A:A,Customers!D:D) -> 27 | P1233: {=_xlfn.IFS(Deals[[#This Row],[Age]]<30,"Under 30",Deals[[#This Row],[Age]]<45,"30-44",TRUE,"45+")} -> Under 30 | Q1233: =IF(Deals[[#This Row],[Status]]="Pending","",Deals[[#This Row],[DecisionDate]]-Deals[[#This Row],[ApplicationDate]]) -> 18 | R1233: =IF(Deals[[#This Row],[Status]]="Approved",1,0) -> 1 | S1233: =IF(Deals[[#This Row],[IsApproved]]=1,Deals[[#This Row],[Amount]],0) -> 31800 | T1233: =Deals[[#This Row],[ApprovedAmount]]*Deals[[#This Row],[ProfitRate]] -> 1803.06
A1234: FN-01257 | B1234: 46283 | C1234: C0809 | D1234: Jahra | E1234: Auto Murabaha | F1234: Online | G1234: 6200 | H1234: 0.047 | I1234: 60 | J1234: OFF-JAH-2 | K1234: Pending | M1234: =_xlfn.XLOOKUP(Deals[[#This Row],[CustomerID]],Customers!A:A,Customers!F:F) -> Premium | N1234: =_xlfn.XLOOKUP(Deals[[#This Row],[CustomerID]],Customers!A:A,Customers!E:E) -> Non-Kuwaiti | O1234: =2026-_xlfn.XLOOKUP(Deals[[#This Row],[CustomerID]],Customers!A:A,Customers!D:D) -> 55 | P1234: {=_xlfn.IFS(Deals[[#This Row],[Age]]<30,"Under 30",Deals[[#This Row],[Age]]<45,"30-44",TRUE,"45+")} -> 45+ | Q1234: =IF(Deals[[#This Row],[Status]]="Pending","",Deals[[#This Row],[DecisionDate]]-Deals[[#This Row],[ApplicationDate]]) | R1234: =IF(Deals[[#This Row],[Status]]="Approved",1,0) -> 0 | S1234: =IF(Deals[[#This Row],[IsApproved]]=1,Deals[[#This Row],[Amount]],0) -> 0 | T1234: =Deals[[#This Row],[ApprovedAmount]]*Deals[[#This Row],[ProfitRate]] -> 0
A1235: FN-01260 | B1235: 46283 | C1235: C0885 | D1235: Farwaniya | E1235: Auto Murabaha | F1235: Branch | G1235: 21500 | H1235: 0.0409 | I1235: 60 | J1235: OFF-FAR-2 | K1235: Approved | L1235: 46286 | M1235: =_xlfn.XLOOKUP(Deals[[#This Row],[CustomerID]],Customers!A:A,Customers!F:F) -> Premium | N1235: =_xlfn.XLOOKUP(Deals[[#This Row],[CustomerID]],Customers!A:A,Customers!E:E) -> Kuwaiti | O1235: =2026-_xlfn.XLOOKUP(Deals[[#This Row],[CustomerID]],Customers!A:A,Customers!D:D) -> 32 | P1235: {=_xlfn.IFS(Deals[[#This Row],[Age]]<30,"Under 30",Deals[[#This Row],[Age]]<45,"30-44",TRUE,"45+")} -> 30-44 | Q1235: =IF(Deals[[#This Row],[Status]]="Pending","",Deals[[#This Row],[DecisionDate]]-Deals[[#This Row],[ApplicationDate]]) -> 3 | R1235: =IF(Deals[[#This Row],[Status]]="Approved",1,0) -> 1 | S1235: =IF(Deals[[#This Row],[IsApproved]]=1,Deals[[#This Row],[Amount]],0) -> 21500 | T1235: =Deals[[#This Row],[ApprovedAmount]]*Deals[[#This Row],[ProfitRate]] -> 879.35
...

Sheet Customers
A1: CustomerID | B1: CustomerName | C1: Gender | D1: BirthYear | E1: Nationality | F1: Segment | G1: JoinDate
A2: C0001 | B2: Noor Al-Kandari | C2: Female | D2: 1983 | E2: Kuwaiti | F2: Affluent | G2: 40950
A3: C0002 | B3: Omar Al-Ajmi | C3: Male | D3: 1975 | E3: Kuwaiti | F3: Mass | G3: 42150
A4: C0003 | B4: Fatima Al-Dosari | C4: Female | D4: 1998 | E4: Kuwaiti | F4: Mass | G4: 45318
A5: C0004 | B5: Ali Al-Sabah | C5: Male | D5: 1990 | E5: Kuwaiti | F5: Mass | G5: 44739
A6: C0005 | B6: Abdullah Al-Sabah | C6: Male | D6: 1984 | E6: Kuwaiti | F6: Mass | G6: 44768
A7: C0006 | B7: Mohammad Al-Fadhli | C7: Male | D7: 1990 | E7: Kuwaiti | F7: Mass | G7: 44666
A8: C0007 | B8: Ali Al-Harbi | C8: Male | D8: 1963 | E8: Kuwaiti | F8: Affluent | G8: 43681
A9: C0008 | B9: Reem Al-Fadhli | C9: Female | D9: 1990 | E9: Kuwaiti | F9: Mass | G9: 41651
A10: C0009 | B10: Mohammad Al-Shammari | C10: Male | D10: 1990 | E10: Kuwaiti | F10: Affluent | G10: 43855
A11: C0010 | B11: Mohammad Al-Azmi | C11: Male | D11: 1987 | E11: Kuwaiti | F11: Mass | G11: 44184
A12: C0011 | B12: Nasser Al-Kandari | C12: Male | D12: 1965 | E12: Kuwaiti | F12: Affluent | G12: 42749
A13: C0012 | B13: Aisha Al-Shammari | C13: Female | D13: 1987 | E13: Non-Kuwaiti | F13: Mass | G13: 40945
... A951: C0950 | B951: Noor Al-Hajri | C951: Female | D951: 1968 | E951: Non-Kuwaiti | F951: Affluent | G951: 41499

Sheet Deals_Raw
A1: DealID | B1: ApplicationDate | C1: CustomerID | D1: Branch | E1: Product | F1: Channel | G1: Amount | H1: ProfitRate | I1: TenorMonths | J1: Officer | K1: Status | L1: DecisionDate
A2: FN-00005 | B2: 46023 | C2: C0473 | D2: Kuwait City | E2: Personal Tawarruq | F2: Branch | G2: 25000 | H2: 0.0583 | I2: 12 | J2: OFF-KUW-1 | K2: Approved | L2: 46030
A3: FN-00013 | B3: 46023 | C3: C0939 | D3: Hawally | E3: Home Ijara | F3: Branch | G3: 122900 | H3: 0.0375 | I3: 120 | J3: OFF-HAW-3 | K3: Approved | L3: 46036
A4: FN-00017 | B4: 46023 | C4: C0035 | D4: Salmiya | E4: Personal Tawarruq | F4: Branch | G4: 23200 | H4: 0.0682 | I4: 12 | J4: OFF-SAL-1 | K4: Approved | L4: 46030
A5: FN-00019 | B5: 46023 | C5: C0228 | D5: Farwaniya | E5: Auto Murabaha | F5: Mobile App | G5: 11600 | H5: 0.0441 | I5: 48 | J5: OFF-FAR-2 | K5: Approved | L5: 46025
A6: FN-00048 | B6: 46023 | C6: C0904 | D6: Salmiya | E6: Personal Tawarruq | F6: Mobile App | G6: 24300 | H6: 0.0625 | I6: 60 | J6: OFF-SAL-1 | K6: Approved | L6: 46028
A7: FN-00077 | B7: 46023 | C7: C0890 | D7: Hawally | E7: Personal Tawarruq | F7: Branch | G7: 10600 | H7: 0.06 | I7: 36 | J7: OFF-HAW-1 | K7: Approved | L7: 46025
A8: FN-00012 | B8: 46024 | C8: C0294 | D8: Kuwait City | E8: Personal Tawarruq | F8: Branch | G8: 20300 | H8: 0.0638 | I8: 12 | J8: OFF-KUW-2 | K8: Approved | L8: 46025
A9: FN-00021 | B9: 46024 | C9: C0103 | D9: Hawally | E9: SME Murabaha | F9: Branch | G9: 55100 | H9: 0.076 | I9: 84 | J9: OFF-HAW-2 | K9: Rejected | L9: 46041
A10: FN-00080 | B10: 46024 | C10: C0911 | D10: Kuwait City | E10: Personal Tawarruq | F10: Branch | G10: 2000 | H10: 0.0552 | I10: 24 | J10: OFF-KUW-3 | K10: Approved | L10: 46031
A11: FN-00094 | B11: 46024 | C11: C0641 | D11: Hawally | E11: Auto Murabaha | F11: Mobile App | G11: 10600 | H11: 0.0472 | I11: 36 | J11: OFF-HAW-1 | K11: Approved | L11: 46028
A12: FN-00032 | B12: 46025 | C12: C0405 | D12: Ahmadi | E12: Auto Murabaha | F12: Online | G12: 9600 | H12: 0.042 | I12: 36 | J12: OFF-AHM-1 | K12: Approved | L12: 46029
A13: FN-00063 | B13: 46025 | C13: C0884 | D13: Hawally | E13: Personal Tawarruq | F13: Branch | G13: 12700 | H13: 0.0546 | I13: 24 | J13: OFF-HAW-3 | K13: Approved | L13: 46031
... A22: FN-00083 | B22: 46027 | C22: C0311 | D22: Hawally | E22: SME Murabaha | F22: Branch | G22: 55100 | H22: 0.0771 | I22: 60 | J22: OFF-HAW-2 | K22: Rejected | L22: 46038
A23: FN-00105 | B23: 46027 | C23: C0664 | D23: Kuwait City | E23: SME Murabaha | F23: Branch | H23: 0.0694 | I23: 36 | J23: OFF-KUW-2 | K23: Approved | L23: 46034
A24: FN-00108 | B24: 46027 | C24: C0727 | D24: Hawally | E24: SME Murabaha | F24: Branch | G24: 62100 | H24: 0.0565 | I24: 36 | J24: OFF-HAW-2 | K24: Rejected | L24: 46047
A25: FN-00022 | B25: 46028 | C25: C0022 | D25: Hawally | E25: Personal Tawaruq | F25: Branch | G25: 8900 | H25: 0.0555 | I25: 12 | J25: OFF-HAW-3 | K25: Approved | L25: 46029
A26: FN-00057 | B26: 46028 | C26: C0881 | D26: Hawally | E26: Auto Murabaha | F26: Branch | G26: 13400 | H26: 0.0353 | I26: 48 | J26: OFF-HAW-1 | K26: Rejected | L26: 46030
A27: FN-00075 | B27: 46028 | C27: C0465 | D27: Ahmadi | E27: Home Ijara | F27: Online | G27: 199400 | H27: 0.032 | I27: 120 | J27: OFF-AHM-1 | K27: Rejected | L27: 46050
A28: FN-00036 | B28: 46029 | C28: C0587 | D28: Jahra | E28: Auto Murabaha | F28: Branch | G28: 8800 | H28: 0.0415 | I28: 60 | J28: OFF-JAH-3 | K28: Approved | L28: 46032
A29: FN-00116 | B29: 46029 | C29: C0898 | D29: Kuwait City | E29: Personal Tawarruq | F29: Branch | G29: 16600 | H29: 0.0652 | I29: 48 | J29: OFF-KUW-1 | K29: Approved | L29: 46033
A30: FN-00029 | B30: 46030 | C30: C0078 | D30: Farwaniya | E30: Home Ijara | F30: Online | G30: 215000 | H30: 0.0432 | I30: 300 | J30: OFF-FAR-2 | K30: Approved | L30: 46054
A31: FN-00039 | B31: 46030 | C31: C0694 | D31: Jahra | E31: Home Ijara | F31: Branch | G31: 78800 | H31: 0.0374 | I31: 300 | J31: OFF-JAH-2 | K31: Approved | L31: 46050
A32: FN-00010 | B32: 46031 | C32: C0648 | D32: Kuwait City | E32: Personal Tawarruq | F32: Branch | G32: 20800 | H32: 0.0675 | I32: 24 | J32: OFF-KUW-1 | K32: Approved | L32: 46037
A33: FN-00020 | B33: 46031 | C33: C0321 | D33: Jahra | E33: Personal Tawarruq | F33: Branch | G33: 25000 | H33: 0.052 | I33: 36 | J33: OFF-JAH-3 | K33: Rejected | L33: 46035
A34: FN-00109 | B34: 46031 | C34: C0896 | D34: Jahra | E34: SME Murabaha | F34: Branch | G34: 105600 | H34: 0.0608 | I34: 60 | J34: OFF-JAH-1 | K34: Rejected | L34: 46051
A35: FN-00115 | B35: 46031 | C35: C0701 | D35: Hawally | E35: SME Murabaha | F35: Mobile App | G35: 60400 | H35: 0.0615 | I35: 36 | J35: OFF-HAW-3 | K35: Approved | L35: 46052
... A75: FN-00114 | B75: 46039 | C75: C0035 | D75: Salmiya | E75: Personal Tawarruq | F75: Branch | G75: 7700 | H75: 0.0673 | I75: 60 | J75: OFF-SAL-2 | K75: Approved | L75: 46041
A76: FN-00025 | B76: 46040 | C76: C0830 | D76: Jahra | E76: Personal Tawarruq | F76: Branch | G76: 9,100 KWD | H76: 0.0641 | I76: 60 | J76: OFF-JAH-1 | K76: Approved | L76: 46046
A77: FN-00001 | B77: 46041 | C77: C0451 | D77: Farwaniya | E77: Personal Tawarruq | F77: Branch | G77: 6400 | H77: 0.0696 | I77: 12 | J77: OFF-FAR-3 | K77: Rejected | L77: 46045
A78: FN-00002 | B78: 46041 | C78: C0446 | D78: Kuwait City | E78: Auto Murabaha | F78: Mobile App | G78: 7400 | H78: 0.0459 | I78: 36 | J78: OFF-KUW-3 | K78: Approved | L78: 46045
A79: FN-00028 | B79: 46041 | C79: C0406 | D79: Kuwait City | E79: Personal Tawarruq | F79: Online | G79: 24200 | H79: 0.0655 | I79: 12 | J79: OFF-KUW-1 | K79: Rejected | L79: 46045
A80: FN-00035 | B80: 46041 | C80: C0713 | D80: Salmiya | E80: Home Ijara | F80: Branch | G80: 142300 | H80: 0.0434 | I80: 300 | J80: OFF-SAL-1 | K80: Approved | L80: 46062
A81: FN-00111 | B81: 46041 | C81: C0913 | D81: Ahmadi | E81: Personal Tawarruq | F81: Mobile App | G81: 5700 | H81: 0.0639 | I81: 24 | J81: OFF-AHM-3 | K81: Approved | L81: 46045
A82: FN-00024 | B82: 46042 | C82: C0914 | D82: Hawally | E82: SME Murabaha | F82: Branch | G82: 80500 | H82: 0.0787 | I82: 36 | J82: OFF-HAW-1 | K82: Rejected | L82: 46061
A83: FN-00046 | B83: 46042 | C83: C0681 | D83: Salmiya | E83: SME Murabaha | F83: Branch | G83: 20,400 KWD | H83: 0.0669 | I83: 84 | J83: OFF-SAL-2 | K83: Rejected | L83: 46054
A84: FN-00011 | B84: 46043 | C84: C0003 | D84: Farwaniya | E84: Personal Tawarruq | F84: Branch | G84: 12200 | H84: 0.0565 | I84: 12 | J84: OFF-FAR-1 | K84: Approved | L84: 46046
A85: FN-00119 | B85: 46043 | C85: C0698 | D85: Farwaniya | E85: Personal Tawarruq | F85: Branch | G85: 17500 | H85: 0.065 | I85: 12 | J85: OFF-FAR-1 | K85: Approved | L85: 46046
A86: FN-00060 | B86: 46044 | C86: C0420 | D86: Farwaniya | E86: Auto Murabaha | F86: Branch | G86: 8400 | H86: 0.038 | I86: 60 | J86: OFF-FAR-2 | K86: Approved | L86: 46048
A87: FN-00084 | B87: 46044 | C87: C0747 | D87: Kuwait City | E87: SME Murabaha | F87: Branch | G87: 71000 | H87: 0.06 | I87: 60 | J87: OFF-KUW-1 | K87: Approved | L87: 46065
A88: FN-00089 | B88: 46044 | C88: C0682 | D88: Farwaniya | E88: Auto Murabaha | F88: branch | G88: 17000 | H88: 0.0378 | I88: 36 | J88: OFF-FAR-2 | K88: Approved | L88: 46045
A89: FN-00049 | B89: 46045 | C89: C0683 | D89: Kuwait City | E89: Auto Murabaha | F89: Branch | G89: 15700 | H89: 0.0359 | I89: 60 | J89: OFF-KUW-1 | K89: Approved | L89: 46046
A90: FN-00065 | B90: 46046 | C90: C0946 | D90: Hawally | E90: Home Ijara | F90: Branch | G90: 145100 | H90: 0.0319 | I90: 240 | J90: OFF-HAW-3 | K90: Approved | L90: 46070
A91: FN-00078 | B91: 46046 | C91: C0575 | D91: Farwaniya | E91: Personal Tawarruq | F91: Branch | G91: 20800 | H91: 0.0697 | I91: 12 | J91: OFF-FAR-3 | K91: Approved | L91: 46053
A92: FN-00078 | B92: 46046 | C92: C0575 | D92: Farwaniya | E92: Personal Tawarruq | F92: Branch | G92: 20800 | H92: 0.0697 | I92: 12 | J92: OFF-FAR-3 | K92: Approved | L92: 46053
A93: FN-00085 | B93: 46046 | C93: C0317 | D93: Hawally | E93: SME Murabaha | F93: Branch | G93: 165600 | H93: 0.0584 | I93: 60 | J93: OFF-HAW-2 | K93: Approved | L93: 46063
A94: FN-00113 | B94: 46046 | C94: C0745 | D94: Ahmadi | E94: Personal Tawarruq | F94: Branch | G94: 18300 | H94: 0.0522 | I94: 24 | J94: OFF-AHM-3 | K94: Approved | L94: 46051
A95: FN-00113 | B95: 46046 | C95: C0745 | D95: Ahmadi | E95: Personal Tawarruq | F95: Branch | G95: 18300 | H95: 0.0522 | I95: 24 | J95: OFF-AHM-3 | K95: Approved | L95: 46051
... A162: FN-00124 | B162: 46062 | C162: C0089 | D162: Kuwait City | E162: Auto Murabaha | F162: Mobile App | G162: 4900 | H162: 0.0407 | I162: 48 | J162: OFF-KUW-2 | K162: Approved | L162: 46065
A163: FN-00131 | B163: 46062 | C163: C0156 | D163: Jahra | E163: Personal Tawarruq | F163: Branch | G163: 17,100 KWD | H163: 0.0608 | I163: 48 | J163: OFF-JAH-2 | K163: Approved | L163: 46068
A164: FN-00147 | B164: 46062 | C164: C0626 | D164: Ahmadi | E164: Personal Tawarruq | F164: Branch | G164: 2100 | H164: 0.0571 | I164: 12 | J164: OFF-AHM-2 | K164: Approved | L164: 46067
A165: FN-00150 | B165: 46062 | C165: C0077 | D165: Ahmadi | E165: Personal Tawarruq | F165: Branch | G165: 14900 | H165: 0.0572 | I165: 48 | J165: OFF-AHM-3 | K165: Approved | L165: 46068
A166: FN-00151 | B166: 46062 | C166: C0776 | D166: Kuwait City | E166: SME Murabaha | F166: Branch | G166: 142700 | H166: 0.0614 | I166: 24 | J166: OFF-KUW-1 | K166: Approved | L166: 46078
A167: FN-00171 | B167: 46062 | C167: C0096 | D167: Jahra | E167: Auto Murabaha | F167: Branch | G167: 12600 | H167: 0.0493 | I167: 36 | J167: OFF-JAH-3 | K167: Approved | L167: 46064
A168: FN-00203 | B168: 46062 | C168: C0169 | D168: Ahmadi | E168: SME Murabaha | F168: Branch | G168: 100100 | H168: 0.0779 | I168: 84 | J168: OFF-AHM-1 | K168: Rejected | L168: 46071
A169: FN-00212 | B169: 46062 | C169: C0215 | D169: Jahra | E169: Personal Tawarruq | F169: Branch | G169: 23300 | H169: 0.0679 | I169: 12 | J169: OFF-JAH-1 | K169: Approved | L169: 46067
A170: FN-00214 | B170: 46063 | C170: C0816 | D170: Hawally | E170: Auto Murabaha | F170: BRANCH | G170: 9200 | H170: 0.0355 | I170: 60 | J170: OFF-HAW-2 | K170: Rejected | L170: 46064
A171: FN-00217 | B171: 46063 | C171: C0134 | D171: Salmiya | E171: Auto Murabaha | F171: Branch | G171: 6500 | H171: 0.0465 | I171: 48 | J171: OFF-SAL-2 | K171: Approved | L171: 46066
A172: FN-00238 | B172: 46063 | C172: C0540 | D172: Jahra | E172: Personal Tawarruq | F172: Branch | G172: 16700 | H172: 0.0542 | I172: 60 | J172: OFF-JAH-1 | K172: Approved | L172: 46068
A173: FN-00132 | B173: 46064 | C173: C0767 | D173: Farwaniya | E173: Auto Murabaha | F173: Mobile App | G173: 8100 | H173: 0.0401 | I173: 48 | J173: OFF-FAR-3 | K173: Approved | L173: 46067
A174: FN-00148 | B174: 46064 | C174: C0338 | D174: Jahra | E174: SME Murabaha | F174: Branch | G174: 184200 | H174: 0.0556 | I174: 24 | J174: OFF-JAH-2 | K174: Rejected | L174: 46084
A175: FN-00154 | B175: 46064 | C175: C0748 | D175: Salmiya | E175: SME Murabaha | F175: Mobile App | G175: 60500 | H175: 0.0705 | I175: 36 | J175: OFF-SAL-1 | K175: Rejected | L175: 46083
... A180: FN-00139 | B180: 46065 | C180: C0130 | D180: Farwaniya | E180: Personal Tawarruq | F180: Branch | G180: 17200 | H180: 0.0661 | I180: 12 | J180: OFF-FAR-3 | K180: Approved | L180: 46071
A181: FN-00188 | B181: 46065 | C181: C0327 | D181: Farwaniya | E181: Home Ijara | F181: Branch | G181: 98,900 KWD | H181: 0.0389 | I181: 120 | J181: OFF-FAR-3 | K181: Approved | L181: 46075
A182: FN-00195 | B182: 46065 | C182: C0361 | D182: Farwaniya | E182: Auto Murabaha | F182: Branch | G182: 8500 | H182: 0.0441 | I182: 36 | J182: OFF-FAR-1 | K182: Rejected | L182: 46067
A183: FN-00196 | B183: 46065 | C183: C0339 | D183: Hawally | E183: Auto Murabaha | F183: Online | G183: 10200 | H183: 0.0436 | I183: 60 | J183: OFF-HAW-1 | K183: Rejected | L183: 46070
A184: FN-00129 | B184: 46066 | C184: C0311 | D184: Hawally | E184: Auto Murabaha | F184: Branch | G184: 10100 | H184: 0.0411 | I184: 60 | J184: OFF-HAW-2 | K184: Approved | L184: 46067
A185: FN-00138 | B185: 46066 | C185: C0829 | D185: Hawally | E185: SME Murabaha | F185: Online | G185: 140000 | H185: 0.072 | I185: 84 | J185: OFF-HAW-1 | K185: Approved | L185: 46084
A186: FN-00165 | B186: 46066 | C186: C0038 | D186: Salmiya | E186: AUTO MURABAHA | F186: Branch | G186: 14800 | H186: 0.0491 | I186: 48 | J186: OFF-SAL-2 | K186: Approved | L186: 46069
A187: FN-00186 | B187: 46066 | C187: C0435 | D187: Jahra | E187: Personal Tawarruq | F187: Branch | G187: 5100 | H187: 0.0556 | I187: 24 | J187: OFF-JAH-3 | K187: Approved | L187: 46072
A188: FN-00190 | B188: 46066 | C188: C0574 | D188: Salmiya | E188: Personal Tawarruq | F188: Mobile App | G188: 24700 | H188: 0.0654 | I188: 12 | J188: OFF-SAL-2 | K188: Approved | L188: 46071
A189: FN-00205 | B189: 46066 | C189: C0160 | D189: Hawally | E189: AUTO MURABAHA | F189: Mobile App | G189: 14000 | H189: 0.0371 | I189: 48 | J189: OFF-HAW-1 | K189: Approved | L189: 46067
A190: FN-00232 | B190: 46066 | C190: C0672 | D190: Kuwait City | E190: SME Murabaha | F190: Branch | G190: 28900 | H190: 0.0799 | I190: 60 | J190: OFF-KUW-1 | K190: Rejected | L190: 46083
A191: FN-00192 | B191: 46067 | C191: C0743 | D191: Hawally | E191: Home Ijara | F191: ONLINE | G191: 131800 | H191: 0.0411 | I191: 120 | J191: OFF-HAW-2 | K191: Rejected | L191: 46092
A192: FN-00146 | B192: 46068 | C192: C0331 | D192: Kuwait City | E192: SME Murabaha | F192: Online | G192: 134300 | H192: 0.0763 | I192: 36 | J192: OFF-KUW-1 | K192: Rejected | L192: 46082
A193: FN-00168 | B193: 46068 | C193: C0859 | D193: Ahmadi | E193: Personal Tawarruq | F193: ONLINE | G193: 18900 | H193: 0.064 | I193: 24 | J193: OFF-AHM-3 | K193: Approved | L193: 46069
... A226: FN-00208 | B226: 46074 | C226: C0398 | D226: Ahmadi | E226: Auto Murabaha | F226: Branch | G226: 5100 | H226: 0.0455 | I226: 60 | J226: OFF-AHM-3 | K226: Rejected | L226: 46076
A227: FN-00223 | B227: 46074 | C227: C0045 | D227: Kuwait City | E227: Personal Tawarruq | F227: Branch | G227: 21,200 KWD | H227: 0.062 | I227: 12 | J227: OFF-KUW-3 | K227: Approved | L227: 46075
A228: FN-00140 | B228: 46076 | C228: C0566 | D228: Jahra | E228: home ijara | F228: Branch | G228: 110900 | H228: 0.0407 | I228: 120 | J228: OFF-JAH-3 | K228: Rejected | L228: 46097
A229: FN-00157 | B229: 46076 | C229: C0006 | D229: Ahmadi | E229: Auto Murabaha | F229: Branch | G229: 13300 | H229: 0.0398 | I229: 36 | J229: OFF-AHM-1 | K229: Approved | L229: 46079
A230: FN-00163 | B230: 46076 | C230: C0879 | D230: Hawally | E230: Home Ijara | F230: Online | G230: 131700 | H230: 0.0398 | I230: 180 | J230: OFF-HAW-2 | K230: Rejected | L230: 46092
A231: FN-00169 | B231: 46076 | C231: C0321 | D231: Salmiya | E231: Personal Tawarruq | F231: Mobile App | G231: 25000 | H231: 0.0594 | I231: 12 | J231: OFF-SAL-1 | K231: Approved | L231: 46079
A232: FN-00174 | B232: 46076 | C232: C0008 | D232: Farwaniya | E232: Personal Tawarruq | F232: Branch | G232: 11500 | H232: 0.0649 | I232: 36 | J232: OFF-FAR-1 | K232: Approved | L232: 46078
A233: FN-00121 | B233: 46077 | C233: C0670 | D233: Farwaniya | E233: SME Murabaha | F233: Branch | G233: 26400 | H233: 0.0692 | I233: 84 | J233: OFF-FAR-1 | K233: Rejected | L233: 46085
A234: FN-00145 | B234: 46077 | C234: C0753 | D234: Salmiya | E234: Auto Murabaha | F234: Branch | G234: 6700 | H234: 0.0418 | I234: 36 | J234: OFF-SAL-1 | K234: Approved | L234: 46081
A235: FN-00153 | B235: 46077 | C235: C0819 | D235: Jahra | E235: SME Murabaha | F235: Branch | G235: 50700 | H235: 0.0595 | I235: 60 | J235: OFF-JAH-3 | K235: Rejected | L235: 46096
A236: FN-00170 | B236: 46078 | C236: C0925 | D236: Salmiya | E236: SME Murabaha | F236: Mobile App | G236: 101400 | H236: 0.0764 | I236: 24 | J236: OFF-SAL-1 | K236: Rejected | L236: 46091
A237: FN-00187 | B237: 46078 | C237: C0771 | D237: Ahmadi | E237: SME Murabaha | F237: Branch | G237: 215800 | H237: 0.0602 | I237: 24 | J237: OFF-AHM-2 | K237: Approved | L237: 46091
A238: FN-00191 | B238: 46078 | C238: C0169 | D238: Salmiya | E238: Auto Murabaha | F238: Branch | G238: 6500 | H238: 0.0467 | I238: 48 | J238: OFF-SAL-2 | K238: Approved | L238: 46079
A239: FN-00200 | B239: 46078 | C239: C0366 | D239: Salmiya | E239: SME Murabaha | F239: Branch | G239: 30200 | H239: 0.0769 | I239: 36 | J239: OFF-SAL-2 | K239: Approved | L239: 46098
... A249: FN-00155 | B249: 46081 | C249: C0556 | D249: Salmiya | E249: sme murabaha | F249: Branch | G249: 44900 | H249: 0.078 | I249: 84 | J249: OFF-SAL-2 | K249: Approved | L249: 46090
A250: FN-00156 | B250: 46081 | C250: C0440 | D250: Kuwait City | E250: Personal Tawarruq | F250: Mobile App | H250: 0.0609 | I250: 60 | J250: OFF-KUW-3 | K250: Approved | L250: 46084
A251: FN-00175 | B251: 46081 | C251: C0398 | D251: Salmiya | E251: Personal Tawarruq | F251: Branch | G251: 15000 | H251: 0.0515 | I251: 60 | J251: OFF-SAL-1 | K251: Approved | L251: 46084
A252: FN-00185 | B252: 46081 | C252: C0853 | D252: Ahmadi | E252: SME Murabaha | F252: Branch | G252: 52500 | H252: 0.0651 | I252: 36 | J252: OFF-AHM-2 | K252: Approved | L252: 46094
A253: FN-00215 | B253: 46081 | C253: C0695 | D253: Hawally | E253: Auto Murabaha | F253: Branch | G253: 14900 | H253: 0.0446 | I253: 48 | J253: OFF-HAW-3 | K253: Approved | L253: 46086
A254: FN-00265 | B254: 46082 | C254: C0620 | D254: Kuwait City | E254: Personal Tawarruq | F254: Mobile App | G254: 4600 | H254: 0.0676 | I254: 36 | J254: OFF-KUW-3 | K254: Approved | L254: 46083
A255: FN-00321 | B255: 46082 | C255: C0415 | D255: Jahra | E255: Personal Tawarruq | F255: Branch | G255: 5400 | H255: 0.061 | I255: 24 | J255: OFF-JAH-1 | K255: Approved | L255: 46087
A256: FN-00336 | B256: 46082 | C256: C0320 | D256: Kuwait City | E256: Personal Tawarruq | F256: ONLINE | G256: 11200 | H256: 0.069 | I256: 60 | J256: OFF-KUW-1 | K256: Approved | L256: 46088
A257: FN-00315 | B257: 46083 | C257: C0564 | D257: Farwaniya | E257: Auto Murabaha | F257: Branch | G257: 12400 | H257: 0.038 | I257: 60 | J257: OFF-FAR-3 | K257: Approved | L257: 46085
A258: FN-00317 | B258: 46083 | C258: C0371 | D258: Farwaniya | E258: Personal Tawarruq | F258: Branch | G258: 24500 | H258: 0.0679 | I258: 24 | J258: OFF-FAR-3 | K258: Approved | L258: 46088
...

Sheet Rejected_Data
A1: DealID | B1: ApplicationDate | C1: CustomerID | D1: Branch | E1: Product | F1: Channel | G1: Amount | H1: ProfitRate | I1: TenorMonths | J1: Officer | K1: Status | L1: DecisionDate
A2: FN-00105 | B2: 46027 | C2: C0664 | D2: Kuwait City | E2: SME Murabaha | F2: Branch | H2: 0.0694 | I2: 36 | J2: OFF-KUW-2 | K2: Approved | L2: 46034
A3: FN-00156 | B3: 46081 | C3: C0440 | D3: Kuwait City | E3: Personal Tawarruq | F3: Mobile App | H3: 0.0609 | I3: 60 | J3: OFF-KUW-3 | K3: Approved | L3: 46084
A4: FN-00415 | B4: 46117 | C4: C0356 | D4: Kuwait City | E4: Personal Tawarruq | F4: Branch | H4: 0.0666 | I4: 60 | J4: OFF-KUW-1 | K4: Approved | L4: 46122
A5: FN-00559 | B5: 46148 | C5: C0534 | D5: Ahmadi | E5: SME Murabaha | F5: Mobile App | H5: 0.0758 | I5: 24 | J5: OFF-AHM-2 | K5: Rejected | L5: 46155
A6: FN-00599 | B6: 46149 | C6: C0781 | D6: Ahmadi | E6: Home Ijara | F6: Branch | H6: 0.0341 | I6: 180 | J6: OFF-AHM-3 | K6: Rejected | L6: 46161
A7: FN-00568 | B7: 46166 | C7: C0318 | D7: Hawally | E7: Auto Murabaha | F7: Mobile App | H7: 0.0363 | I7: 60 | J7: OFF-HAW-1 | K7: Approved | L7: 46169
A8: FN-00547 | B8: 46168 | C8: C0650 | D8: Salmiya | E8: SME Murabaha | F8: Branch | H8: 0.0699 | I8: 36 | J8: OFF-SAL-2 | K8: Approved | L8: 46181
A9: FN-01095 | B9: 46244 | C9: C0736 | D9: Hawally | E9: Auto Murabaha | F9: Online | H9: 0.0433 | I9: 36 | J9: OFF-HAW-1 | K9: Approved | L9: 46245
A10: FN-01061 | B10: 46252 | C10: C0078 | D10: Hawally | E10: Personal Tawarruq | F10: Branch | H10: 0.0646 | I10: 48 | J10: OFF-HAW-1 | K10: Rejected | L10: 46255
A11: FN-01239 | B11: 46266 | C11: C0023 | D11: Farwaniya | E11: Auto Murabaha | F11: Branch | H11: 0.0465 | I11: 60 | J11: OFF-FAR-1 | K11: Approved | L11: 46268
A12: FN-01298 | B12: 46288 | C12: C0645 | D12: Kuwait City | E12: Home Ijara | F12: Online | H12: 0.0344 | I12: 240 | J12: OFF-KUW-3 | K12: Pending
A13: FN-01253 | B13: 46295 | C13: C0260 | D13: Kuwait City | E13: Auto Murabaha | F13: Mobile App | H13: 0.0399 | I13: 36 | J13: OFF-KUW-2 | K13: Approved | L13: 46299
